placeID,open ,close,day
135111,0:00,23:30,Mon;Tue;Wed;Thu;Fri;
135111,0:00,23:30,Sat;
135111,0:00,23:30,Sun;
135110,8:00,19:00,Mon;Tue;Wed;Thu;Fri;
135110,0:00,0:00,Sat;
135110,0:00,0:00,Sun;
135109,8:00,21:00,Mon;Tue;Wed;Thu;Fri;
135109,8:00,21:00,Sat;
135109,8:00,21:00,Sun;
135108,0:00,23:30,Mon;Tue;Wed;Thu;Fri;
135108,0:00,23:30,Sat;
135108,0:00,23:30,Sun;
135107,7:00,23:30,Mon;Tue;Wed;Thu;Fri;
135107,7:00,23:30,Sat;
135107,7:00,23:30,Sun;
135106,18:00,23:30,Mon;Tue;Wed;Thu;Fri;
135106,18:00,23:30,Sat;
135106,18:00,21:00,Sun;
135105,0:00,23:30,Mon;Tue;Wed;Thu;Fri;
135105,20:30,23:30,Sat;
135105,0:00,23:30,Sun;
135104,0:00,23:30,Mon;Tue;Wed;Thu;Fri;
135104,0:00,23:30,Sat;
135104,0:00,23:30,Sun;
135103,12:00,22:00,Mon;Tue;Wed;Thu;Fri;
135103,12:00,23:00,Sat;
135103,12:00,22:00,Sun;
135102,9:00,23:00,Mon;Tue;Wed;Thu;Fri;
135102,9:00,1:00,Sat;
135102,9:00,22:00,Sun;
135101,13:00,8:00,Mon;Tue;Wed;Thu;Fri;
135101,13:00,8:00,Sat;
135101,13:00,8:00,Sun;
135100,14:00,23:30,Mon;Tue;Wed;Thu;Fri;
135100,14:00,23:30,Sat;
135100,14:00,23:30,Sun;
135099,13:00,23:00,Mon;Tue;Wed;Thu;Fri;
135099,13:00,0:00,Sat;
135099,13:00,22:00,Sun;
135098,13:00,23:30,Mon;Tue;Wed;Thu;Fri;
135098,13:00,0:30,Sat;
135098,13:00,1:00,Sun;
135097,10:00,23:30,Mon;Tue;Wed;Thu;Fri;
135097,10:00,23:30,Sat;
135097,11:00,23:30,Sun;
135094,11:00,23:30,Mon;Tue;Wed;Thu;Fri;
135094,11:00,23:30,Sat;
135094,11:00,22:00,Sun;
135093,12:00,22:00,Mon;Tue;Wed;Thu;Fri;
135093,12:00,22:00,Sat;
135093,12:00,22:00,Sun;
135092,9:00,17:00,Mon;Tue;Wed;Thu;Fri;
135092,9:00,13:00,Sat;
135092,0:00,23:30,Sun;
135091,11:00,21:00,Mon;Tue;Wed;Thu;Fri;
135091,11:00,21:00,Sat;
135091,11:00,21:00,Sun;
135090,7:00,0:00,Mon;Tue;Wed;Thu;Fri;
135090,7:00,0:00,Sat;
135090,7:00,0:00,Sun;
135089,13:00,20:00,Mon;Tue;Wed;Thu;Fri;
135089,13:00,20:00,Sat;
135089,13:00,20:00,Sun;
135088,9:00,16:00,Mon;Tue;Wed;Thu;Fri;
135088,0:00,0:00,Sat;
135088,0:00,0:00,Sun;
135086,8:00,23:00,Mon;Tue;Wed;Thu;Fri;
135086,8:00,23:00,Sat;
135086,8:00,23:00,Sun;
135085,0:00,0:00,Mon;Tue;Wed;Thu;Fri;
135085,0:00,0:00,Sat;
135085,0:00,0:00,Sun;
135084,11:00,23:00,Mon;Tue;Wed;Thu;Fri;
135084,11:00,23:00,Sat;
135084,11:00,23:00,Sun;
135082,10:00,18:00,Mon;Tue;Wed;Thu;Fri;
135082,10:00,18:00,Sat;
135082,10:00,18:00,Sun;
135081,14:00,23:30,Mon;Tue;Wed;Thu;Fri;
135081,14:00,23:30,Sat;
135081,14:00,23:30,Sun;
135080,14:00,23:30,Mon;Tue;Wed;Thu;Fri;
135080,14:00,23:30,Sat;
135080,14:00,23:30,Sun;
135079,13:00,22:30,Mon;Tue;Wed;Thu;Fri;
135079,13:30,22:30,Sat;
135079,13:30,22:30,Sun;
135078,14:00,20:00,Mon;Tue;Wed;Thu;Fri;
135078,14:00,20:00,Sat;
135078,14:00,20:00,Sun;
135077,6:00,18:00,Mon;Tue;Wed;Thu;Fri;
135077,0:00,0:00,Sat;
135077,0:00,23:30,Sun;
135076,12:00,23:30,Mon;Tue;Wed;Thu;Fri;
135076,12:00,23:30,Sat;
135076,12:00,23:30,Sun;
135075,0:00,23:30,Mon;Tue;Wed;Thu;Fri;
135075,0:00,23:30,Sat;
135075,0:00,23:30,Sun;
135074,7:00,23:30,Mon;Tue;Wed;Thu;Fri;
135074,7:00,23:30,Sat;
135074,7:00,23:30,Sun;
135073,9:30,23:30,Mon;Tue;Wed;Thu;Fri;
135073,9:30,23:30,Sat;
135073,0:00,0:00,Sun;
135072,13:00,23:00,Mon;Tue;Wed;Thu;Fri;
135072,13:00,23:30,Sat;
135072,13:00,22:00,Sun;
135071,13:00,23:30,Mon;Tue;Wed;Thu;Fri;
135071,13:00,23:30,Sat;
135071,13:00,20:00,Sun;
135070,7:00,23:00,Mon;Tue;Wed;Thu;Fri;
135070,7:00,23:00,Sat;
135070,7:00,23:00,Sun;
135069,9:00,23:30,Mon;Tue;Wed;Thu;Fri;
135069,9:00,23:30,Sat;
135069,9:00,23:30,Sun;
135068,12:00,23:30,Mon;Tue;Wed;Thu;Fri;
135068,12:00,23:30,Sat;
135068,0:00,0:00,Sun;
135067,12:00,23:00,Mon;Tue;Wed;Thu;Fri;
135067,12:00,23:00,Sat;
135067,12:00,23:00,Sun;
135066,7:00,23:00,Sat;
135066,7:00,23:00,Mon;Tue;Wed;Thu;Fri;
135066,7:00,23:00,Sun;
135065,14:00,23:30,Mon;Tue;Wed;Thu;Fri;
135065,14:00,23:30,Sat;
135065,14:00,18:00,Sun;
135064,7:00,22:30,Mon;Tue;Wed;Thu;Fri;
135064,7:00,22:30,Sat;
135064,7:00,22:30,Sun;
135063,8:30,19:30,Mon;Tue;Wed;Thu;Fri;
135063,8:30,19:30,Sat;
135063,9:00,15:00,Sun;
135062,0:00,23:30,Mon;Tue;Wed;Thu;Fri;
135062,0:00,23:30,Sat;
135062,0:00,23:30,Sun;
135061,7:00,23:00,Mon;Tue;Wed;Thu;Fri;
135061,7:00,23:00,Sat;
135061,7:00,23:00,Sun;
135060,11:30,19:00,Mon;Tue;Wed;Thu;Fri;
135060,11:30,19:00,Sat;
135060,11:30,19:00,Sun;
135059,12:00,23:30,Mon;Tue;Wed;Thu;Fri;
135059,12:00,23:30,Sat;
135059,12:00,23:30,Sun;
135058,13:00,23:00,Mon;Tue;Wed;Thu;Fri;
135058,13:00,23:00,Sat;
135058,13:00,23:00,Sun;
135057,13:00,23:00,Mon;Tue;Wed;Thu;Fri;
135057,13:00,23:00,Sat;
135057,13:00,23:00,Sun;
135056,0:00,0:00,Mon;Tue;Wed;Thu;Fri;
135056,0:00,0:00,Sat;
135056,0:00,0:00,Sun;
135055,14:00,22:00,Mon;Tue;Wed;Thu;Fri;
135055,14:00,22:00,Sat;
135055,14:00,20:30,Sun;
135054,7:00,19:00,Mon;Tue;Wed;Thu;Fri;
135054,7:00,19:00,Sat;
135054,7:00,19:00,Sun;
135053,11:00,22:00,Mon;Tue;Wed;Thu;Fri;
135053,11:00,22:00,Sat;
135053,11:00,22:00,Sun;
135052,8:00,23:30,Mon;Tue;Wed;Thu;Fri;
135052,8:00,23:30,Sat;
135052,8:00,23:30,Sun;
135051,8:00,23:30,Mon;Tue;Wed;Thu;Fri;
135051,8:00,23:30,Sat;
135051,0:00,0:00,Sun;
135050,12:00,19:30,Mon;Tue;Wed;Thu;Fri;
135050,12:00,19:30,Sat;
135050,12:00,19:30,Sun;
135049,12:00,20:00,Mon;Tue;Wed;Thu;Fri;
135049,12:00,20:00,Sat;
135049,12:00,20:00,Sun;
135048,11:00,22:30,Mon;Tue;Wed;Thu;Fri;
135048,11:00,22:30,Sat;
135048,11:00,22:30,Sun;
135047,8:00,23:30,Mon;Tue;Wed;Thu;Fri;
135047,8:00,23:30,Sat;
135047,8:00,22:00,Sun;
135046,8:30,21:00,Mon;Tue;Wed;Thu;Fri;
135046,8:30,21:00,Sat;
135046,8:30,21:00,Sun;
135045,13:00,23:30,Mon;Tue;Wed;Thu;Fri;
135045,13:00,23:30,Sat;
135045,13:00,19:00,Sun;
135044,13:00,22:30,Mon;Tue;Wed;Thu;Fri;
135044,13:00,22:30,Sat;
135044,13:00,22:30,Sun;
135043,0:00,0:00,Mon;Tue;Wed;Thu;Fri;
135043,0:00,0:00,Sat;
135043,0:00,0:00,Sun;
135042,11:00,21:30,Mon;Tue;Wed;Thu;Fri;
135042,11:00,21:30,Sat;
135042,11:00,21:30,Sun;
135041,0:00,0:00,Mon;Tue;Wed;Thu;Fri;
135041,0:00,0:00,Sat;
135041,0:00,0:00,Sun;
135040,8:00,23:30,Mon;Tue;Wed;Thu;Fri;
135040,8:00,23:30,Sat;
135040,8:00,23:30,Sun;
135039,10:00,20:00,Mon;Tue;Wed;Thu;Fri;
135039,10:00,20:00,Sat;
135039,10:00,20:00,Sun;
135038,8:00,17:00,Mon;Tue;Wed;Thu;Fri;
135038,8:00,17:00,Sat;
135038,0:00,0:00,Sun;
135037,13:30,22:00,Mon;Tue;Wed;Thu;Fri;
135037,13:30,22:00,Sat;
135037,13:30,22:00,Sun;
135036,12:00,23:30,Mon;Tue;Wed;Thu;Fri;
135036,12:00,23:30,Sat;
135036,12:00,23:30,Sun;
135035,13:30,23:30,Mon;Tue;Wed;Thu;Fri;
135035,13:30,23:30,Sat;
135035,13:30,18:30,Sun;
135034,13:30,23:00,Mon;Tue;Wed;Thu;Fri;
135034,13:30,23:00,Sat;
135034,13:30,19:00,Sun;
135033,9:00,21:00,Mon;Tue;Wed;Thu;Fri;
135033,9:00,21:00,Sat;
135033,9:00,21:00,Sun;
135032,7:00,23:30,Mon;Tue;Wed;Thu;Fri;
135032,7:00,23:30,Sat;
135032,7:00,23:30,Sun;
135031,7:00,19:00,Mon;Tue;Wed;Thu;Fri;
135031,7:00,19:00,Sat;
135031,7:00,19:00,Sun;
135030,0:00,0:00,Mon;Tue;Wed;Thu;Fri;
135030,0:00,0:00,Sat;
135030,0:00,0:00,Sun;
135029,13:00,22:00,Mon;Tue;Wed;Thu;Fri;
135029,13:00,22:00,Sat;
135029,13:00,22:00,Sun;
135028,13:00,23:30,Mon;Tue;Wed;Thu;Fri;
135028,13:00,23:30,Sat;
135028,13:00,19:00,Sun;
135027,8:00,22:00,Mon;Tue;Wed;Thu;Fri;
135027,8:00,23:00,Sat;
135027,8:00,19:00,Sun;
135026,13:30,23:30,Mon;Tue;Wed;Thu;Fri;
135026,13:30,23:30,Sat;
135026,0:00,0:00,Sun;
135025,18:00,23:30,Mon;Tue;Wed;Thu;Fri;
135025,14:00,23:30,Sat;
135025,0:00,0:00,Sun;
135024,0:00,0:00,Mon;Tue;Wed;Thu;Fri;
135024,0:00,0:00,Sat;
135024,0:00,0:00,Sun;
135023,0:00,0:00,Mon;Tue;Wed;Thu;Fri;
135023,0:00,0:00,Sat;
135023,0:00,0:00,Sun;
135022,0:00,0:00,Mon;Tue;Wed;Thu;Fri;
135022,0:00,0:00,Sat;
135022,0:00,0:00,Sun;
135021,0:00,23:30,Mon;Tue;Wed;Thu;Fri;
135021,0:00,23:30,Sat;
135021,0:00,23:30,Sun;
135020,8:00,21:00,Mon;Tue;Wed;Thu;Fri;
135020,8:00,21:00,Sat;
135020,8:00,21:00,Sun;
135019,0:00,0:00,Mon;Tue;Wed;Thu;Fri;
135019,0:00,0:00,Sat;
135019,0:00,0:00,Sun;
135018,0:00,0:00,Mon;Tue;Wed;Thu;Fri;
135018,0:00,0:00,Sat;
135018,0:00,0:00,Sun;
135017,0:00,0:00,Mon;Tue;Wed;Thu;Fri;
135017,0:00,0:00,Sat;
135017,0:00,0:00,Sun;
135016,0:00,0:00,Mon;Tue;Wed;Thu;Fri;
135016,0:00,0:00,Sat;
135016,0:00,0:00,Sun;
135015,0:00,0:00,Mon;Tue;Wed;Thu;Fri;
135015,0:00,0:00,Sat;
135015,0:00,0:00,Sun;
135014,0:00,0:00,Mon;Tue;Wed;Thu;Fri;
135014,0:00,0:00,Sat;
135014,0:00,0:00,Sun;
135013,13:00,22:00,Mon;Tue;Wed;Thu;Fri;
135013,0:00,0:00,Sat;
135013,0:00,0:00,Sun;
135012,0:00,0:00,Mon;Tue;Wed;Thu;Fri;
135012,0:00,0:00,Sat;
135012,0:00,0:00,Sun;
135011,0:00,0:00,Mon;Tue;Wed;Thu;Fri;
135011,0:00,0:00,Sat;
135011,0:00,0:00,Sun;
135010,0:00,0:00,Mon;Tue;Wed;Thu;Fri;
135010,0:00,0:00,Sat;
135010,0:00,0:00,Sun;
135009,0:00,0:00,Mon;Tue;Wed;Thu;Fri;
135009,0:00,0:00,Sat;
135009,0:00,0:00,Sun;
135008,7:30,23:30,Mon;Tue;Wed;Thu;Fri;
135008,7:30,23:30,Sat;
135008,7:30,23:30,Sun;
135007,13:00,18:00,Mon;Tue;Wed;Thu;Fri;
135007,13:00,23:00,Sat;
135007,13:00,19:00,Sun;
135006,12:30,20:30,Mon;Tue;Wed;Thu;Fri;
135006,12:30,20:30,Sat;
135006,12:30,19:00,Sun;
135005,8:30,21:00,Mon;Tue;Wed;Thu;Fri;
135005,8:30,21:00,Sat;
135005,8:30,21:00,Sun;
135004,12:00,23:30,Mon;Tue;Wed;Thu;Fri;
135004,12:00,23:30,Sat;
135004,12:00,23:30,Sun;
135003,12:00,20:00,Mon;Tue;Wed;Thu;Fri;
135003,12:00,20:00,Sat;
135003,12:00,20:00,Sun;
135002,12:00,20:00,Mon;Tue;Wed;Thu;Fri;
135002,12:00,20:00,Sat;
135002,11:30,20:00,Sun;
135001,7:00,23:30,Mon;Tue;Wed;Thu;Fri;
135001,7:00,23:30,Sat;
135001,7:00,23:30,Sun;
135000,7:30,18:00,Mon;Tue;Wed;Thu;Fri;
135000,7:30,18:00,Sat;
135000,7:30,18:00,Sun;
134999,11:00,21:00,Mon;Tue;Wed;Thu;Fri;
134999,11:00,21:00,Sat;
134999,11:00,21:00,Sun;
134998,12:00,18:00,Mon;Tue;Wed;Thu;Fri;
134998,12:00,18:00,Sat;
134998,12:00,18:00,Sun;
134997,11:00,21:30,Mon;Tue;Wed;Thu;Fri;
134997,11:00,21:30,Sat;
134997,11:00,21:30,Sun;
134996,7:00,23:00,Mon;Tue;Wed;Thu;Fri;
134996,7:00,23:00,Sat;
134996,7:00,23:00,Sun;
134995,8:00,18:00,Mon;Tue;Wed;Thu;Fri;
134995,9:00,15:00,Sat;
134995,0:00,0:00,Sun;
134994,7:00,23:00,Mon;Tue;Wed;Thu;Fri;
134994,7:00,23:00,Sat;
134994,7:00,23:00,Sun;
134993,13:00,23:00,Mon;Tue;Wed;Thu;Fri;
134993,12:00,23:30,Sat;
134993,12:00,22:00,Sun;
134992,8:00,21:30,Mon;Tue;Wed;Thu;Fri;
134992,8:00,21:30,Sat;
134992,0:00,0:00,Sun;
134991,7:30,23:30,Mon;Tue;Wed;Thu;Fri;
134991,7:30,23:30,Sat;
134991,8:00,18:00,Sun;
134990,12:00,23:30,Mon;Tue;Wed;Thu;Fri;
134990,12:00,23:30,Sat;
134990,14:00,23:30,Sun;
134989,13:30,22:00,Mon;Tue;Wed;Thu;Fri;
134989,13:30,23:30,Sat;
134989,13:30,20:00,Sun;
134988,0:00,23:30,Mon;Tue;Wed;Thu;Fri;
134988,0:00,23:30,Sat;
134988,0:00,23:30,Sun;
134987,13:00,23:00,Mon;Tue;Wed;Thu;Fri;
134987,12:00,23:30,Sat;
134987,12:00,22:00,Sun;
134986,0:00,23:30,Mon;Tue;Wed;Thu;Fri;
134986,0:00,23:30,Sat;
134986,0:00,23:30,Sun;
134985,9:30,23:30,Mon;Tue;Wed;Thu;Fri;
134985,9:30,23:30,Sat;
134985,9:30,23:30,Sun;
134984,14:00,23:30,Mon;Tue;Wed;Thu;Fri;
134984,14:00,23:30,Sat;
134984,14:00,21:00,Sun;
134983,13:00,23:30,Mon;Tue;Wed;Thu;Fri;
134983,13:00,23:30,Sat;
134983,13:00,19:00,Sun;
134982,14:00,23:30,Mon;Tue;Wed;Thu;Fri;
134982,14:00,23:30,Sat;
134982,14:00,23:30,Sun;
134981,11:00,20:00,Mon;Tue;Wed;Thu;Fri;
134981,11:00,20:00,Sat;
134981,11:00,20:00,Sun;
134980,11:00,18:00,Mon;Tue;Wed;Thu;Fri;
134980,11:00,18:00,Sat;
134980,11:00,18:00,Sun;
134979,11:00,20:00,Mon;Tue;Wed;Thu;Fri;
134979,11:00,20:00,Sat;
134979,11:00,20:00,Sun;
134978,14:00,22:00,Mon;Tue;Wed;Thu;Fri;
134978,14:00,22:00,Sat;
134978,14:00,18:00,Sun;
134977,13:00,22:00,Mon;Tue;Wed;Thu;Fri;
134977,13:00,22:00,Sat;
134977,13:00,22:00,Sun;
134975,8:00,23:30,Mon;Tue;Wed;Thu;Fri;
134975,8:00,23:30,Sat;
134975,8:00,20:00,Sun;
134974,13:00,22:00,Mon;Tue;Wed;Thu;Fri;
134974,13:00,22:00,Sat;
134974,13:00,22:00,Sun;
134973,8:00,21:00,Mon;Tue;Wed;Thu;Fri;
134973,8:00,21:00,Sat;
134973,9:00,17:00,Sun;
134972,7:00,23:00,Mon;Tue;Wed;Thu;Fri;
134972,7:00,23:00,Sat;
134972,7:00,23:00,Sun;
134971,14:00,23:00,Mon;Tue;Wed;Thu;Fri;
134971,14:00,23:00,Sat;
134971,14:00,23:00,Sun;
134970,8:00,23:00,Mon;Tue;Wed;Thu;Fri;
134970,8:00,23:00,Sat;
134970,8:00,23:00,Sun;
133049,9:00,16:00,Mon;Tue;Wed;Thu;Fri;
133049,10:00,15:00,Sat;
133049,10:00,16:00,Sun;
133048,9:00,17:00,Mon;Tue;Wed;Thu;Fri;
133048,9:00,17:00,Sat;
133048,10:00,3:30,Sun;
133047,6:00,23:30,Mon;Tue;Wed;Thu;Fri;
133047,2:00,23:30,Sat;
133047,4:00,23:30,Sun;
133043,7:00,22:00,Mon;Tue;Wed;Thu;Fri;
133043,7:00,22:00,Sat;
133043,7:00,22:00,Sun;
133042,0:00,23:30,Mon;Tue;Wed;Thu;Fri;
133042,0:00,23:30,Sat;
133042,0:00,23:30,Sun;
133041,0:00,23:30,Mon;Tue;Wed;Thu;Fri;
133041,0:00,23:30,Sat;
133041,0:00,23:30,Sun;
133040,0:00,23:30,Mon;Tue;Wed;Thu;Fri;
133040,0:00,23:30,Sat;
133040,0:00,23:30,Sun;
133039,11:00,23:30,Mon;Tue;Wed;Thu;Fri;
133039,11:00,23:30,Sat;
133039,11:00,23:30,Sun;
133038,10:00,23:30,Mon;Tue;Wed;Thu;Fri;
133038,10:30,23:30,Sat;
133038,10:30,23:30,Sun;
133037,0:00,23:30,Mon;Tue;Wed;Thu;Fri;
133037,0:00,23:30,Sat;
133037,0:00,23:30,Sun;
133036,10:30,23:30,Mon;Tue;Wed;Thu;Fri;
133036,10:30,23:30,Sat;
133036,10:30,23:30,Sun;
133035,12:00,17:00,Mon;Tue;Wed;Thu;Fri;
133035,12:00,17:00,Sat;
133035,12:00,19:00,Sun;
133034,0:00,23:30,Mon;Tue;Wed;Thu;Fri;
133034,0:00,23:30,Sat;
133034,0:00,23:30,Sun;
133033,11:00,23:30,Mon;Tue;Wed;Thu;Fri;
133033,11:00,23:30,Sat;
133033,11:00,23:30,Sun;
133032,0:00,23:30,Mon;Tue;Wed;Thu;Fri;
133032,0:00,23:30,Sat;
133032,0:00,23:30,Sun;
133031,0:00,23:30,Mon;Tue;Wed;Thu;Fri;
133031,0:00,23:30,Sat;
133031,0:00,23:30,Sun;
133030,9:00,22:00,Mon;Tue;Wed;Thu;Fri;
133030,9:00,23:30,Sat;
133030,9:00,20:00,Sun;
133029,13:00,23:30,Mon;Tue;Wed;Thu;Fri;
133029,13:00,23:30,Sat;
133029,15:00,23:30,Sun;
133028,0:00,23:30,Mon;Tue;Wed;Thu;Fri;
133028,0:00,23:30,Sat;
133028,0:00,23:30,Sun;
133027,10:00,21:30,Mon;Tue;Wed;Thu;Fri;
133027,10:00,23:00,Sat;
133027,10:00,23:00,Sun;
133026,14:30,20:00,Mon;Tue;Wed;Thu;Fri;
133026,14:00,20:30,Sat;
133026,14:00,20:30,Sun;
133025,0:00,23:30,Mon;Tue;Wed;Thu;Fri;
133025,0:00,23:30,Sat;
133025,0:00,23:30,Sun;
133024,0:00,23:30,Mon;Tue;Wed;Thu;Fri;
133024,0:00,23:30,Sat;
133024,0:00,23:30,Sun;
133023,0:00,23:30,Mon;Tue;Wed;Thu;Fri;
133023,0:00,23:30,Sat;
133023,0:00,23:30,Sun;
133022,0:00,23:30,Mon;Tue;Wed;Thu;Fri;
133022,0:00,23:30,Sat;
133022,0:00,23:30,Sun;
133021,0:00,23:30,Mon;Tue;Wed;Thu;Fri;
133021,0:00,23:30,Sat;
133021,0:00,23:30,Sun;
133020,18:30,23:30,Mon;Tue;Wed;Thu;Fri;
133020,17:00,23:30,Sat;
133020,17:00,23:30,Sun;
133019,0:00,23:30,Mon;Tue;Wed;Thu;Fri;
133019,0:00,23:30,Sat;
133019,0:00,23:30,Sun;
133018,0:00,23:30,Mon;Tue;Wed;Thu;Fri;
133018,0:00,23:30,Sat;
133018,0:00,23:30,Sun;
133017,0:00,23:30,Mon;Tue;Wed;Thu;Fri;
133017,0:00,23:30,Sat;
133017,0:00,23:30,Sun;
133016,0:00,23:30,Mon;Tue;Wed;Thu;Fri;
133016,0:00,23:30,Sat;
133016,0:00,23:30,Sun;
133015,0:00,23:30,Mon;Tue;Wed;Thu;Fri;
133015,0:00,23:30,Sat;
133015,0:00,23:30,Sun;
133014,0:00,23:30,Mon;Tue;Wed;Thu;Fri;
133014,0:00,23:30,Sat;
133014,0:00,23:30,Sun;
133013,0:00,23:30,Mon;Tue;Wed;Thu;Fri;
133013,0:00,23:30,Sat;
133013,0:00,23:30,Sun;
133012,0:00,23:30,Mon;Tue;Wed;Thu;Fri;
133012,0:00,23:30,Sat;
133012,0:00,23:30,Sun;
133011,0:00,23:30,Mon;Tue;Wed;Thu;Fri;
133011,0:00,23:30,Sat;
133011,0:00,23:30,Sun;
133010,0:00,23:30,Mon;Tue;Wed;Thu;Fri;
133010,0:00,23:30,Sat;
133010,0:00,23:30,Sun;
133009,10:00,18:00,Mon;Tue;Wed;Thu;Fri;
133009,10:00,20:30,Sat;
133009,10:00,15:30,Sun;
133008,14:00,23:30,Mon;Tue;Wed;Thu;Fri;
133008,15:00,23:30,Sat;
133008,0:00,0:00,Sun;
133007,11:00,19:30,Mon;Tue;Wed;Thu;Fri;
133007,12:30,21:30,Sat;
133007,13:30,20:30,Sun;
133006,0:00,23:30,Mon;Tue;Wed;Thu;Fri;
133006,0:00,23:30,Sat;
133006,0:00,23:30,Sun;
133005,0:00,23:30,Mon;Tue;Wed;Thu;Fri;
133005,0:00,23:30,Sat;
133005,0:00,23:30,Sun;
133004,0:00,23:30,Mon;Tue;Wed;Thu;Fri;
133004,0:00,23:30,Sat;
133004,0:00,23:30,Sun;
133003,0:00,23:30,Mon;Tue;Wed;Thu;Fri;
133003,0:00,23:30,Sat;
133003,0:00,23:30,Sun;
133002,0:00,23:30,Mon;Tue;Wed;Thu;Fri;
133002,0:00,23:30,Sat;
133002,0:00,23:30,Sun;
133001,0:00,23:30,Mon;Tue;Wed;Thu;Fri;
133001,0:00,23:30,Sat;
133001,0:00,23:30,Sun;
133000,0:00,23:30,Mon;Tue;Wed;Thu;Fri;
133000,0:00,23:30,Sat;
133000,0:00,23:30,Sun;
132999,0:00,23:30,Mon;Tue;Wed;Thu;Fri;
132999,0:00,23:30,Sat;
132999,0:00,23:30,Sun;
132998,0:00,23:30,Mon;Tue;Wed;Thu;Fri;
132998,0:00,23:30,Sat;
132998,0:00,23:30,Sun;
132997,0:00,23:30,Mon;Tue;Wed;Thu;Fri;
132997,0:00,23:30,Sat;
132997,0:00,23:30,Sun;
132996,8:00,19:00,Mon;Tue;Wed;Thu;Fri;
132996,8:00,19:00,Sat;
132996,8:00,14:00,Sun;
132995,21:00,23:30,Mon;Tue;Wed;Thu;Fri;
132995,21:00,23:30,Sat;
132995,21:00,23:30,Sun;
132994,21:00,23:30,Mon;Tue;Wed;Thu;Fri;
132994,21:00,23:30,Sat;
132994,21:00,23:30,Sun;
132993,18:00,23:30,Mon;Tue;Wed;Thu;Fri;
132993,18:00,23:30,Sat;
132993,18:00,23:30,Sun;
132992,0:00,23:30,Mon;Tue;Wed;Thu;Fri;
132992,0:00,23:30,Sat;
132992,0:00,23:30,Sun;
132986,0:00,0:00,Mon;Tue;Wed;Thu;Fri;
132986,0:00,0:00,Sat;
132986,8:00,11:00,Sun;
132985,0:00,0:00,Mon;Tue;Wed;Thu;Fri;
132985,0:00,0:00,Sat;
132985,8:00,11:00,Sun;
132984,21:00,1:00,Mon;Tue;Wed;Thu;Fri;
132984,21:00,1:00,Sat;
132984,21:00,0:00,Sun;
132983,21:00,1:00,Mon;Tue;Wed;Thu;Fri;
132983,21:00,1:00,Sat;
132983,21:00,0:00,Sun;
132982,21:00,1:00,Mon;Tue;Wed;Thu;Fri;
132982,21:00,1:00,Sat;
132982,21:00,0:00,Sun;
132981,21:00,1:00,Mon;Tue;Wed;Thu;Fri;
132981,21:00,1:00,Sat;
132981,21:00,0:00,Sun;
132980,0:00,0:00,Mon;Tue;Wed;Thu;Fri;
132980,0:00,0:00,Sat;
132980,8:00,11:00,Sun;
132979,21:00,1:00,Mon;Tue;Wed;Thu;Fri;
132979,21:00,1:00,Sat;
132979,21:00,0:00,Sun;
132978,21:00,1:00,Mon;Tue;Wed;Thu;Fri;
132978,21:00,1:00,Sat;
132978,21:00,0:00,Sun;
132977,21:00,1:00,Mon;Tue;Wed;Thu;Fri;
132977,21:00,1:00,Sat;
132977,21:00,0:00,Sun;
132976,21:00,1:00,Mon;Tue;Wed;Thu;Fri;
132976,21:00,1:00,Sat;
132976,21:00,0:00,Sun;
132975,21:00,1:00,Mon;Tue;Wed;Thu;Fri;
132975,21:00,1:00,Sat;
132975,21:00,0:00,Sun;
132974,21:00,1:00,Mon;Tue;Wed;Thu;Fri;
132974,21:00,1:00,Sat;
132974,21:00,0:00,Sun;
132973,21:00,1:30,Mon;Tue;Wed;Thu;Fri;
132973,20:00,1:00,Sat;
132973,20:00,0:30,Sun;
132972,19:00,1:00,Mon;Tue;Wed;Thu;Fri;
132972,19:00,2:00,Sat;
132972,19:00,2:00,Sun;
132971,8:00,18:00,Sat;
132971,8:00,19:00,Mon;Tue;Wed;Thu;Fri;
132971,8:00,17:00,Sun;
132970,20:00,1:00,Mon;Tue;Wed;Thu;Fri;
132970,20:00,3:30,Sat;
132970,20:00,2:00,Sun;
132969,15:00,23:30,Mon;Tue;Wed;Thu;Fri;
132969,15:00,23:30,Sat;
132969,15:00,23:30,Sun;
132968,15:00,23:30,Mon;Tue;Wed;Thu;Fri;
132968,15:00,23:30,Sat;
132968,15:00,23:30,Sun;
132967,21:00,3:00,Mon;Tue;Wed;Thu;Fri;
132967,21:00,3:00,Sat;
132967,21:00,3:00,Sun;
132966,15:00,3:00,Mon;Tue;Wed;Thu;Fri;
132966,15:00,3:00,Sat;
132966,17:00,3:00,Sun;
132965,17:00,3:00,Mon;Tue;Wed;Thu;Fri;
132965,17:00,3:00,Sat;
132965,17:00,3:00,Sun;
132964,12:00,23:30,Mon;Tue;Wed;Thu;Fri;
132964,12:00,23:30,Sat;
132964,12:00,23:30,Sun;
132963,10:00,22:00,Mon;Tue;Wed;Thu;Fri;
132963,10:00,22:00,Sat;
132963,10:00,22:00,Sun;
132962,8:00,18:00,Mon;Tue;Wed;Thu;Fri;
132962,8:00,18:00,Sat;
132962,8:00,18:00,Sun;
132961,18:00,7:00,Mon;Tue;Wed;Thu;Fri;
132961,18:00,7:00,Sat;
132961,18:00,7:00,Sun;
132960,8:00,19:00,Mon;Tue;Wed;Thu;Fri;
132960,8:00,19:00,Sat;
132960,8:00,19:00,Sun;
132959,19:00,23:30,Mon;Tue;Wed;Thu;Fri;
132959,19:00,23:30,Sat;
132959,19:00,23:30,Sun;
132958,10:00,23:30,Mon;Tue;Wed;Thu;Fri;
132958,10:00,23:30,Sat;
132958,10:00,23:30,Sun;
132957,10:00,23:00,Mon;Tue;Wed;Thu;Fri;
132957,10:00,23:00,Sat;
132957,10:00,23:00,Sun;
132956,12:00,23:30,Mon;Tue;Wed;Thu;Fri;
132956,12:00,22:30,Sat;
132956,12:00,21:00,Sun;
132955,0:00,23:30,Mon;Tue;Wed;Thu;Fri;
132955,0:00,23:30,Sat;
132955,0:00,23:30,Sun;
132954,8:00,22:30,Mon;Tue;Wed;Thu;Fri;
132954,8:00,15:30,Sat;
132954,8:00,13:00,Sun;
132953,10:00,17:00,Mon;Tue;Wed;Thu;Fri;
132953,10:00,17:30,Sat;
132953,10:00,17:30,Sun;
132951,0:00,23:30,Mon;Tue;Wed;Thu;Fri;
132951,0:00,23:30,Sat;
132951,0:00,23:30,Sun;
132950,0:00,23:30,Mon;Tue;Wed;Thu;Fri;
132950,0:00,23:30,Sat;
132950,0:00,23:30,Sun;
132948,8:00,12:00,Mon;Tue;Wed;Thu;Fri;
132948,8:00,12:00,Sat;
132948,8:00,12:00,Sun;
132947,12:00,20:00,Mon;Tue;Wed;Thu;Fri;
132947,12:00,20:00,Sat;
132947,12:00,20:00,Sun;
132946,0:00,23:30,Mon;Tue;Wed;Thu;Fri;
132946,0:00,23:30,Sat;
132946,0:00,23:30,Sun;
132945,9:00,17:00,Mon;Tue;Wed;Thu;Fri;
132945,9:00,18:00,Sat;
132945,9:00,17:00,Sun;
132944,12:00,19:00,Mon;Tue;Wed;Thu;Fri;
132944,12:00,19:00,Sat;
132944,12:00,19:00,Sun;
132943,0:00,23:30,Mon;Tue;Wed;Thu;Fri;
132943,0:00,23:30,Sat;
132943,0:00,23:30,Sun;
132942,12:00,19:00,Mon;Tue;Wed;Thu;Fri;
132942,12:00,19:00,Sat;
132942,12:00,18:00,Sun;
132941,15:00,21:00,Mon;Tue;Wed;Thu;Fri;
132941,15:00,21:00,Sat;
132941,15:00,21:00,Sun;
132940,21:00,1:00,Mon;Tue;Wed;Thu;Fri;
132940,21:00,1:30,Sat;
132940,21:00,0:00,Sun;
132939,10:00,14:30,Mon;Tue;Wed;Thu;Fri;
132939,10:00,14:30,Sat;
132939,0:00,23:30,Sun;
132938,0:00,0:00,Mon;Tue;Wed;Thu;Fri;
132938,11:00,16:00,Sat;
132938,11:00,16:00,Sun;
132937,21:00,2:00,Mon;Tue;Wed;Thu;Fri;
132937,21:00,2:00,Sat;
132937,16:00,23:30,Sun;
132936,9:30,16:00,Mon;Tue;Wed;Thu;Fri;
132936,9:30,16:00,Sat;
132936,0:00,23:30,Sun;
132935,0:00,0:00,Mon;Tue;Wed;Thu;Fri;
132935,12:00,17:00,Sat;
132935,12:00,17:00,Sun;
132934,9:00,18:00,Mon;Tue;Wed;Thu;Fri;
132934,9:00,18:00,Sat;
132934,9:00,18:00,Sun;
132933,19:00,2:00,Mon;Tue;Wed;Thu;Fri;
132933,19:00,4:00,Sat;
132933,19:00,2:00,Sun;
132932,11:00,23:30,Mon;Tue;Wed;Thu;Fri;
132932,10:00,23:30,Sat;
132932,10:30,20:00,Sun;
132931,8:00,22:00,Mon;Tue;Wed;Thu;Fri;
132931,8:00,22:00,Sat;
132931,8:00,22:00,Sun;
132930,10:00,14:30,Mon;Tue;Wed;Thu;Fri;
132930,10:00,14:30,Sat;
132930,0:00,0:00,Sun;
132929,8:00,14:00,Mon;Tue;Wed;Thu;Fri;
132929,8:00,14:00,Sat;
132929,8:00,14:00,Sun;
132928,6:30,17:00,Mon;Tue;Wed;Thu;Fri;
132928,0:00,0:00,Sat;
132928,0:00,0:00,Sun;
132927,13:30,23:30,Mon;Tue;Wed;Thu;Fri;
132927,13:00,23:30,Sat;
132927,13:00,23:30,Sun;
132926,7:00,20:00,Mon;Tue;Wed;Thu;Fri;
132926,7:00,20:00,Sat;
132926,7:00,20:00,Sun;
132925,9:00,21:00,Mon;Tue;Wed;Thu;Fri;
132925,9:00,21:00,Sat;
132925,9:00,21:00,Sun;
132924,10:30,21:00,Mon;Tue;Wed;Thu;Fri;
132924,10:30,21:00,Sat;
132924,10:30,21:00,Sun;
132923,4:30,23:30,Mon;Tue;Wed;Thu;Fri;
132923,4:30,23:30,Sat;
132923,4:30,23:30,Sun;
132922,19:00,23:00,Mon;Tue;Wed;Thu;Fri;
132922,19:00,23:00,Sat;
132922,19:00,23:00,Sun;
132921,1:00,20:30,Mon;Tue;Wed;Thu;Fri;
132921,1:00,23:30,Sat;
132921,1:00,23:30,Sun;
132920,13:00,23:30,Mon;Tue;Wed;Thu;Fri;
132920,13:00,23:30,Sat;
132920,2:00,23:30,Sun;
132919,9:00,13:00,Mon;Tue;Wed;Thu;Fri;
132919,9:00,13:00,Sat;
132919,9:00,12:00,Sun;
132918,9:00,18:00,Mon;Tue;Wed;Thu;Fri;
132918,9:00,18:00,Sat;
132918,9:00,17:00,Sun;
132917,9:00,21:00,Mon;Tue;Wed;Thu;Fri;
132917,9:00,21:00,Sat;
132917,9:00,18:00,Sun;
132916,18:00,22:30,Mon;Tue;Wed;Thu;Fri;
132916,18:00,23:30,Sat;
132916,16:00,23:30,Sun;
132915,7:00,14:00,Mon;Tue;Wed;Thu;Fri;
132915,7:00,14:30,Sat;
132915,7:00,14:00,Sun;
132914,18:30,23:00,Mon;Tue;Wed;Thu;Fri;
132914,18:00,23:30,Sat;
132914,18:00,23:30,Sun;
132913,13:00,23:30,Mon;Tue;Wed;Thu;Fri;
132913,13:00,23:30,Sat;
132913,13:00,23:30,Sun;
132912,7:30,14:30,Mon;Tue;Wed;Thu;Fri;
132912,7:30,14:30,Sat;
132912,7:30,14:30,Sun;
132911,11:00,15:30,Mon;Tue;Wed;Thu;Fri;
132911,11:00,15:30,Sat;
132911,0:00,23:30,Sun;
132910,8:00,17:00,Mon;Tue;Wed;Thu;Fri;
132910,8:00,17:00,Sat;
132910,8:00,17:00,Sun;
132909,0:00,23:30,Mon;Tue;Wed;Thu;Fri;
132909,0:00,23:30,Sat;
132909,0:00,23:30,Sun;
132908,0:00,23:30,Mon;Tue;Wed;Thu;Fri;
132908,0:00,23:30,Sat;
132908,0:00,23:30,Sun;
132907,0:00,23:30,Mon;Tue;Wed;Thu;Fri;
132907,0:00,23:30,Sat;
132907,0:00,23:30,Sun;
132906,0:00,23:30,Mon;Tue;Wed;Thu;Fri;
132906,0:00,23:30,Sat;
132906,0:00,23:30,Sun;
132905,0:00,23:30,Mon;Tue;Wed;Thu;Fri;
132905,0:00,23:30,Sat;
132905,0:00,23:30,Sun;
132904,0:00,23:30,Mon;Tue;Wed;Thu;Fri;
132904,0:00,23:30,Sat;
132904,0:00,23:30,Sun;
132903,14:00,18:30,Mon;Tue;Wed;Thu;Fri;
132903,14:00,18:30,Sat;
132903,14:00,18:30,Sun;
132902,19:30,2:00,Mon;Tue;Wed;Thu;Fri;
132902,19:30,2:00,Sat;
132902,7:30,2:00,Sun;
132901,19:30,23:30,Mon;Tue;Wed;Thu;Fri;
132901,18:00,23:30,Sat;
132901,18:30,23:30,Sun;
132900,13:00,22:00,Mon;Tue;Wed;Thu;Fri;
132900,13:00,22:00,Sat;
132900,14:00,22:00,Sun;
132899,7:00,23:30,Mon;Tue;Wed;Thu;Fri;
132899,7:00,23:30,Sat;
132899,7:00,23:30,Sun;
132898,0:00,23:30,Mon;Tue;Wed;Thu;Fri;
132898,0:00,23:30,Sat;
132898,0:00,23:30,Sun;
132897,10:00,17:00,Mon;Tue;Wed;Thu;Fri;
132897,10:00,17:00,Sat;
132897,0:00,23:30,Sun;
132896,6:30,23:30,Mon;Tue;Wed;Thu;Fri;
132896,6:30,23:30,Sat;
132896,6:30,23:30,Sun;
132895,7:30,23:30,Mon;Tue;Wed;Thu;Fri;
132895,7:30,23:30,Sat;
132895,7:30,23:30,Sun;
132894,9:00,20:00,Mon;Tue;Wed;Thu;Fri;
132894,9:00,21:00,Sat;
132894,11:00,23:30,Sun;
132893,7:00,13:00,Mon;Tue;Wed;Thu;Fri;
132893,10:00,21:00,Sat;
132893,0:00,23:30,Sun;
132892,8:00,20:30,Mon;Tue;Wed;Thu;Fri;
132892,10:00,20:00,Sat;
132892,0:00,23:30,Sun;
132891,9:00,23:30,Mon;Tue;Wed;Thu;Fri;
132891,7:00,18:30,Sat;
132891,10:00,19:00,Sun;
132890,9:00,20:00,Mon;Tue;Wed;Thu;Fri;
132890,9:00,20:00,Sat;
132890,0:00,23:30,Sun;
132889,10:00,19:00,Mon;Tue;Wed;Thu;Fri;
132889,12:00,23:30,Sat;
132889,0:00,23:30,Sun;
132888,8:00,19:00,Mon;Tue;Wed;Thu;Fri;
132888,9:00,19:00,Sat;
132888,0:00,0:00,Sun;
132887,9:00,23:30,Sat;
132887,8:30,23:00,Mon;Tue;Wed;Thu;Fri;
132887,10:00,23:30,Sun;
132886,8:00,23:30,Mon;Tue;Wed;Thu;Fri;
132886,8:30,23:30,Sat;
132886,8:30,23:30,Sun;
132885,8:00,23:30,Mon;Tue;Wed;Thu;Fri;
132885,8:00,23:30,Sat;
132885,8:00,23:30,Sun;
132884,0:00,23:30,Mon;Tue;Wed;Thu;Fri;
132884,0:00,23:30,Sat;
132884,0:00,23:30,Sun;
132883,0:00,23:30,Mon;Tue;Wed;Thu;Fri;
132883,0:00,23:30,Sat;
132883,0:00,23:30,Sun;
132882,0:00,23:30,Mon;Tue;Wed;Thu;Fri;
132882,0:00,23:30,Sat;
132882,0:00,23:30,Sun;
132881,0:00,23:30,Mon;Tue;Wed;Thu;Fri;
132881,0:00,23:30,Sat;
132881,0:00,23:30,Sun;
132880,11:00,18:30,Mon;Tue;Wed;Thu;Fri;
132880,10:30,19:00,Sat;
132880,10:30,19:00,Sun;
132879,0:00,23:30,Mon;Tue;Wed;Thu;Fri;
132879,0:00,23:30,Sat;
132879,0:00,23:30,Sun;
132878,0:00,23:30,Mon;Tue;Wed;Thu;Fri;
132878,0:00,23:30,Sat;
132878,0:00,23:30,Sun;
132877,0:00,23:30,Mon;Tue;Wed;Thu;Fri;
132877,0:00,23:30,Sat;
132877,0:00,23:30,Sun;
132876,0:00,23:30,Mon;Tue;Wed;Thu;Fri;
132876,0:00,23:30,Sat;
132876,0:00,23:30,Sun;
132875,0:00,23:30,Mon;Tue;Wed;Thu;Fri;
132875,0:00,23:30,Sat;
132875,0:00,23:30,Sun;
132874,0:00,23:30,Mon;Tue;Wed;Thu;Fri;
132874,0:00,23:30,Sat;
132874,0:00,23:30,Sun;
132873,11:00,22:00,Mon;Tue;Wed;Thu;Fri;
132873,11:00,22:00,Sat;
132873,11:00,22:00,Sun;
132872,9:00,21:00,Mon;Tue;Wed;Thu;Fri;
132872,9:30,21:00,Sat;
132872,0:00,0:00,Sun;
132871,15:00,23:30,Mon;Tue;Wed;Thu;Fri;
132871,15:00,23:30,Sat;
132871,15:00,23:30,Sun;
132870,10:30,23:00,Mon;Tue;Wed;Thu;Fri;
132870,10:30,23:00,Sat;
132870,10:30,23:00,Sun;
132869,10:00,23:00,Mon;Tue;Wed;Thu;Fri;
132869,10:00,23:00,Sat;
132869,10:00,23:00,Sun;
132868,14:00,2:00,Mon;Tue;Wed;Thu;Fri;
132868,14:00,2:00,Sat;
132868,14:00,2:00,Sun;
132867,8:00,22:30,Mon;Tue;Wed;Thu;Fri;
132867,8:00,23:30,Sat;
132867,8:00,23:30,Sun;
132866,9:00,22:00,Mon;Tue;Wed;Thu;Fri;
132866,9:00,22:00,Sat;
132866,9:00,22:00,Sun;
132865,8:00,23:00,Mon;Tue;Wed;Thu;Fri;
132865,8:00,23:00,Sat;
132865,8:00,23:00,Sun;
132864,20:00,1:00,Mon;Tue;Wed;Thu;Fri;
132864,20:00,5:00,Sat;
132864,20:00,3:00,Sun;
132863,10:00,22:30,Mon;Tue;Wed;Thu;Fri;
132863,10:00,22:30,Sat;
132863,10:00,22:30,Sun;
132862,9:30,23:30,Mon;Tue;Wed;Thu;Fri;
132862,9:30,23:30,Sat;
132862,9:30,23:30,Sun;
132861,10:00,23:30,Mon;Tue;Wed;Thu;Fri;
132861,10:00,23:30,Sat;
132861,10:00,23:30,Sun;
132860,10:00,23:00,Mon;Tue;Wed;Thu;Fri;
132860,10:00,23:00,Sat;
132860,10:00,23:00,Sun;
132859,9:30,22:00,Mon;Tue;Wed;Thu;Fri;
132859,9:30,22:00,Sat;
132859,9:30,22:00,Sun;
132858,18:30,23:30,Mon;Tue;Wed;Thu;Fri;
132858,18:30,23:30,Sat;
132858,18:30,23:30,Sun;
132857,10:00,22:00,Mon;Tue;Wed;Thu;Fri;
132857,10:00,22:00,Sat;
132857,10:00,22:00,Sun;
132856,10:30,22:30,Mon;Tue;Wed;Thu;Fri;
132856,10:30,22:30,Sat;
132856,10:30,22:30,Sun;
132855,10:00,16:30,Mon;Tue;Wed;Thu;Fri;
132855,10:00,16:30,Sat;
132855,10:00,16:30,Sun;
132854,10:30,22:00,Mon;Tue;Wed;Thu;Fri;
132854,10:30,22:00,Sat;
132854,10:30,22:00,Sun;
132853,12:00,19:00,Mon;Tue;Wed;Thu;Fri;
132853,12:00,19:00,Sat;
132853,0:00,0:00,Sun;
132852,18:00,5:30,Mon;Tue;Wed;Thu;Fri;
132852,18:00,5:30,Sat;
132852,18:00,4:30,Sun;
132851,9:00,22:00,Mon;Tue;Wed;Thu;Fri;
132851,9:00,22:00,Sat;
132851,9:00,22:00,Sun;
132850,8:00,22:00,Mon;Tue;Wed;Thu;Fri;
132850,8:00,22:00,Sat;
132850,18:00,22:00,Sun;
132849,14:00,21:00,Mon;Tue;Wed;Thu;Fri;
132849,14:00,21:00,Sat;
132849,14:00,21:00,Sun;
132848,17:30,1:30,Mon;Tue;Wed;Thu;Fri;
132848,17:30,1:30,Sat;
132848,17:30,1:30,Sun;
132847,20:00,1:30,Mon;Tue;Wed;Thu;Fri;
132847,20:00,1:30,Sat;
132847,20:00,1:30,Sun;
132846,8:00,23:30,Mon;Tue;Wed;Thu;Fri;
132846,8:00,23:30,Sat;
132846,8:00,23:30,Sun;
132845,19:30,23:30,Mon;Tue;Wed;Thu;Fri;
132845,19:30,23:30,Sat;
132845,19:30,23:30,Sun;
132844,0:00,23:30,Mon;Tue;Wed;Thu;Fri;
132844,0:00,23:30,Sat;
132844,0:00,23:30,Sun;
132843,0:00,23:30,Mon;Tue;Wed;Thu;Fri;
132843,0:00,23:30,Sat;
132843,0:00,23:30,Sun;
132842,19:00,4:00,Mon;Tue;Wed;Thu;Fri;
132842,19:00,4:00,Sat;
132842,19:00,12:00,Sun;
132841,12:00,18:00,Mon;Tue;Wed;Thu;Fri;
132841,12:00,18:00,Sat;
132841,12:00,18:00,Sun;
132840,7:00,11:00,Mon;Tue;Wed;Thu;Fri;
132840,7:00,11:00,Sat;
132840,0:00,0:00,Sun;
132839,0:00,23:30,Mon;Tue;Wed;Thu;Fri;
132839,0:00,23:30,Sat;
132839,0:00,23:30,Sun;
132838,0:00,23:30,Mon;Tue;Wed;Thu;Fri;
132838,0:00,23:30,Sat;
132838,0:00,23:30,Sun;
132837,0:00,23:30,Mon;Tue;Wed;Thu;Fri;
132837,0:00,23:30,Sat;
132837,0:00,23:30,Sun;
132836,0:00,23:30,Mon;Tue;Wed;Thu;Fri;
132836,0:00,23:30,Sat;
132836,0:00,23:30,Sun;
132835,0:00,23:30,Mon;Tue;Wed;Thu;Fri;
132835,0:00,23:30,Sat;
132835,0:00,23:30,Sun;
132834,8:30,15:00,Mon;Tue;Wed;Thu;Fri;
132834,0:00,23:30,Sat;
132834,0:00,23:30,Sun;
132833,0:00,23:30,Mon;Tue;Wed;Thu;Fri;
132833,0:00,23:30,Sat;
132833,0:00,23:30,Sun;
132832,0:00,23:30,Mon;Tue;Wed;Thu;Fri;
132832,0:00,23:30,Sat;
132832,0:00,23:30,Sun;
132831,0:00,23:30,Mon;Tue;Wed;Thu;Fri;
132831,0:00,23:30,Sat;
132831,0:00,23:30,Sun;
132830,0:00,23:30,Mon;Tue;Wed;Thu;Fri;
132830,0:00,23:30,Sat;
132830,0:00,23:30,Sun;
132829,0:00,23:30,Mon;Tue;Wed;Thu;Fri;
132829,0:00,23:30,Sat;
132829,0:00,23:30,Sun;
132828,0:00,23:30,Mon;Tue;Wed;Thu;Fri;
132828,0:00,23:30,Sat;
132828,0:00,23:30,Sun;
132827,0:00,23:30,Mon;Tue;Wed;Thu;Fri;
132827,0:00,23:30,Sat;
132827,0:00,23:30,Sun;
132826,0:00,23:30,Mon;Tue;Wed;Thu;Fri;
132826,0:00,23:30,Sat;
132826,0:00,23:30,Sun;
132825,9:00,12:00,Mon;Tue;Wed;Thu;Fri;
132825,9:00,12:00,Sat;
132825,9:00,12:00,Sun;
132824,0:00,23:30,Mon;Tue;Wed;Thu;Fri;
132824,0:00,23:30,Sat;
132824,0:00,23:30,Sun;
132823,0:00,23:30,Mon;Tue;Wed;Thu;Fri;
132823,0:00,23:30,Sat;
132823,0:00,23:30,Sun;
132822,0:00,23:30,Mon;Tue;Wed;Thu;Fri;
132822,0:00,23:30,Sat;
132822,0:00,23:30,Sun;
132821,0:00,23:30,Mon;Tue;Wed;Thu;Fri;
132821,0:00,23:30,Sat;
132821,0:00,23:30,Sun;
132820,0:00,23:30,Mon;Tue;Wed;Thu;Fri;
132820,0:00,23:30,Sat;
132820,0:00,23:30,Sun;
132819,0:00,23:30,Mon;Tue;Wed;Thu;Fri;
132819,0:00,23:30,Sat;
132819,0:00,23:30,Sun;
132818,0:00,23:30,Mon;Tue;Wed;Thu;Fri;
132818,0:00,23:30,Sat;
132818,0:00,23:30,Sun;
132817,0:00,23:30,Mon;Tue;Wed;Thu;Fri;
132817,0:00,23:30,Sat;
132817,0:00,23:30,Sun;
132816,0:00,23:30,Mon;Tue;Wed;Thu;Fri;
132816,0:00,23:30,Sat;
132816,0:00,23:30,Sun;
132815,0:00,23:30,Mon;Tue;Wed;Thu;Fri;
132815,0:00,23:30,Sat;
132815,0:00,23:30,Sun;
132813,0:00,23:30,Mon;Tue;Wed;Thu;Fri;
132813,0:00,23:30,Sat;
132813,0:00,23:30,Sun;
132812,0:00,23:30,Mon;Tue;Wed;Thu;Fri;
132812,0:00,23:30,Sat;
132812,0:00,23:30,Sun;
132811,0:00,23:30,Mon;Tue;Wed;Thu;Fri;
132811,0:00,23:30,Sat;
132811,0:00,23:30,Sun;
132810,0:00,23:30,Mon;Tue;Wed;Thu;Fri;
132810,0:00,23:30,Sat;
132810,0:00,23:30,Sun;
132809,0:00,23:30,Mon;Tue;Wed;Thu;Fri;
132809,0:00,23:30,Sat;
132809,0:00,23:30,Sun;
132808,0:00,23:30,Mon;Tue;Wed;Thu;Fri;
132808,0:00,23:30,Sat;
132808,0:00,23:30,Sun;
132807,0:00,23:30,Mon;Tue;Wed;Thu;Fri;
132807,0:00,23:30,Sat;
132807,0:00,23:30,Sun;
132806,0:00,23:30,Mon;Tue;Wed;Thu;Fri;
132806,0:00,23:30,Sat;
132806,0:00,23:30,Sun;
132805,9:00,19:00,Sat;
132805,9:00,19:00,Mon;Tue;Wed;Thu;Fri;
132805,9:00,19:00,Sun;
132804,0:00,23:30,Mon;Tue;Wed;Thu;Fri;
132804,0:00,23:30,Sat;
132804,0:00,23:30,Sun;
132803,11:00,23:30,Mon;Tue;Wed;Thu;Fri;
132803,11:30,23:30,Sat;
132803,11:30,23:30,Sun;
132802,9:00,23:30,Mon;Tue;Wed;Thu;Fri;
132802,9:30,23:30,Sat;
132802,9:30,23:30,Sun;
132801,12:00,23:30,Mon;Tue;Wed;Thu;Fri;
132801,13:30,23:30,Sat;
132801,13:00,23:30,Sun;
132799,9:00,23:30,Mon;Tue;Wed;Thu;Fri;
132799,10:30,23:30,Sat;
132799,11:30,23:30,Sun;
132798,0:00,23:30,Mon;Tue;Wed;Thu;Fri;
132798,0:00,23:30,Sat;
132798,0:00,23:30,Sun;
132797,10:00,23:30,Mon;Tue;Wed;Thu;Fri;
132797,10:00,23:30,Sat;
132797,10:00,23:30,Sun;
132796,0:00,23:30,Mon;Tue;Wed;Thu;Fri;
132796,0:00,23:30,Sat;
132796,0:00,23:30,Sun;
132795,10:00,23:00,Mon;Tue;Wed;Thu;Fri;
132795,9:00,23:30,Sat;
132795,9:00,23:30,Sun;
132794,0:00,23:30,Mon;Tue;Wed;Thu;Fri;
132794,0:00,23:30,Sat;
132794,0:00,23:30,Sun;
132793,10:30,22:30,Mon;Tue;Wed;Thu;Fri;
132793,10:00,23:00,Sat;
132793,10:00,23:00,Sun;
132792,9:00,23:00,Mon;Tue;Wed;Thu;Fri;
132792,9:00,23:00,Sat;
132792,9:00,23:00,Sun;
132791,9:00,23:30,Mon;Tue;Wed;Thu;Fri;
132791,9:00,23:30,Sat;
132791,9:00,23:30,Sun;
132790,14:00,23:30,Mon;Tue;Wed;Thu;Fri;
132790,14:00,23:30,Sat;
132790,14:00,23:30,Sun;
132789,11:00,19:00,Mon;Tue;Wed;Thu;Fri;
132789,11:00,19:00,Sat;
132789,11:00,19:00,Sun;
132788,14:00,23:00,Mon;Tue;Wed;Thu;Fri;
132788,14:00,23:00,Sat;
132788,14:00,23:00,Sun;
132787,14:00,23:30,Mon;Tue;Wed;Thu;Fri;
132787,14:00,23:30,Sat;
132787,14:00,23:30,Sun;
132786,9:00,23:30,Mon;Tue;Wed;Thu;Fri;
132786,9:00,23:30,Sat;
132786,9:00,23:30,Sun;
132785,14:00,23:30,Mon;Tue;Wed;Thu;Fri;
132785,14:00,23:30,Sat;
132785,14:00,23:30,Sun;
132784,14:00,23:30,Mon;Tue;Wed;Thu;Fri;
132784,14:00,23:30,Sat;
132784,14:00,23:30,Sun;
132783,11:00,23:00,Mon;Tue;Wed;Thu;Fri;
132783,11:00,23:30,Sat;
132783,11:00,23:30,Sun;
132782,9:00,18:00,Mon;Tue;Wed;Thu;Fri;
132782,10:00,18:00,Sat;
132782,10:00,18:00,Sun;
132781,0:00,23:30,Mon;Tue;Wed;Thu;Fri;
132781,0:00,23:30,Sat;
132781,0:00,23:30,Sun;
132780,0:00,23:30,Mon;Tue;Wed;Thu;Fri;
132780,0:00,23:30,Sat;
132780,0:00,23:30,Sun;
132779,7:00,20:00,Mon;Tue;Wed;Thu;Fri;
132779,7:00,20:00,Sat;
132779,0:00,23:30,Sun;
132778,0:00,23:30,Mon;Tue;Wed;Thu;Fri;
132778,0:00,23:30,Sat;
132778,0:00,23:30,Sun;
132777,0:00,23:30,Mon;Tue;Wed;Thu;Fri;
132777,0:00,23:30,Sat;
132777,0:00,23:30,Sun;
132776,13:00,17:00,Mon;Tue;Wed;Thu;Fri;
132776,13:00,17:00,Sat;
132776,0:00,23:30,Sun;
132775,20:00,23:30,Mon;Tue;Wed;Thu;Fri;
132775,20:00,23:30,Sat;
132775,20:00,23:30,Sun;
132774,7:00,22:00,Mon;Tue;Wed;Thu;Fri;
132774,7:00,22:00,Sat;
132774,7:00,22:00,Sun;
132773,10:00,18:00,Mon;Tue;Wed;Thu;Fri;
132773,10:00,13:00,Sat;
132773,10:00,13:00,Sun;
132772,17:00,23:30,Mon;Tue;Wed;Thu;Fri;
132772,12:00,23:00,Sat;
132772,0:00,23:30,Sun;
132771,10:30,19:30,Mon;Tue;Wed;Thu;Fri;
132771,10:00,19:00,Sat;
132771,9:00,20:00,Sun;
132770,12:00,18:30,Mon;Tue;Wed;Thu;Fri;
132770,0:00,23:30,Sat;
132770,0:00,23:30,Sun;
132769,0:00,23:30,Mon;Tue;Wed;Thu;Fri;
132769,16:30,22:30,Sat;
132769,7:00,13:30,Sun;
132768,9:00,19:00,Mon;Tue;Wed;Thu;Fri;
132768,10:00,18:00,Sat;
132768,10:00,19:00,Sun;
132767,14:00,20:00,Mon;Tue;Wed;Thu;Fri;
132767,14:00,23:30,Sat;
132767,12:30,23:30,Sun;
132766,0:00,23:30,Mon;Tue;Wed;Thu;Fri;
132766,0:00,23:30,Sat;
132766,0:00,23:30,Sun;
132762,0:00,0:00,Mon;Tue;Wed;Thu;Fri;
132762,19:00,23:30,Sat;
132762,19:00,23:30,Sun;
132761,11:00,19:00,Mon;Tue;Wed;Thu;Fri;
132761,10:00,21:00,Sat;
132761,11:00,21:00,Sun;
132760,6:00,3:00,Mon;Tue;Wed;Thu;Fri;
132760,0:00,23:30,Sat;
132760,0:00,23:30,Sun;
132759,12:00,22:00,Mon;Tue;Wed;Thu;Fri;
132759,12:00,22:00,Sat;
132759,12:00,22:00,Sun;
132758,9:00,22:00,Mon;Tue;Wed;Thu;Fri;
132758,9:00,22:00,Sat;
132758,9:00,22:00,Sun;
132757,17:00,23:30,Mon;Tue;Wed;Thu;Fri;
132757,17:00,23:30,Sat;
132757,17:00,23:30,Sun;
132756,8:00,23:30,Mon;Tue;Wed;Thu;Fri;
132756,8:00,23:30,Sat;
132756,8:00,23:30,Sun;
132755,0:00,23:30,Mon;Tue;Wed;Thu;Fri;
132755,0:00,23:30,Sat;
132755,0:00,23:30,Sun;
132754,8:00,20:00,Mon;Tue;Wed;Thu;Fri;
132754,8:00,20:00,Sat;
132754,8:00,18:00,Sun;
132753,7:30,23:30,Mon;Tue;Wed;Thu;Fri;
132753,7:30,23:30,Sat;
132753,7:30,23:30,Sun;
132752,7:00,15:00,Mon;Tue;Wed;Thu;Fri;
132752,7:00,15:00,Sat;
132752,0:00,0:00,Sun;
132751,11:00,23:00,Mon;Tue;Wed;Thu;Fri;
132751,11:00,23:30,Sat;
132751,11:00,23:30,Sun;
132750,13:00,21:00,Mon;Tue;Wed;Thu;Fri;
132750,13:00,21:00,Sat;
132750,13:00,20:00,Sun;
132749,12:00,22:00,Mon;Tue;Wed;Thu;Fri;
132749,12:00,21:00,Sat;
132749,12:00,20:00,Sun;
132748,19:30,23:30,Mon;Tue;Wed;Thu;Fri;
132748,19:30,23:30,Sat;
132748,0:00,0:00,Sun;
132747,0:00,23:30,Mon;Tue;Wed;Thu;Fri;
132747,0:00,23:30,Sat;
132747,0:00,23:30,Sun;
132746,11:30,22:30,Mon;Tue;Wed;Thu;Fri;
132746,11:30,22:00,Sat;
132746,11:30,21:00,Sun;
132745,18:00,23:30,Mon;Tue;Wed;Thu;Fri;
132745,18:00,23:30,Sat;
132745,18:00,23:30,Sun;
132744,19:00,23:30,Mon;Tue;Wed;Thu;Fri;
132744,19:00,23:30,Sat;
132744,19:00,23:30,Sun;
132743,0:00,23:30,Mon;Tue;Wed;Thu;Fri;
132743,0:00,23:30,Sat;
132743,0:00,23:30,Sun;
132742,8:00,15:00,Mon;Tue;Wed;Thu;Fri;
132742,9:00,15:00,Sat;
132742,9:00,15:00,Sun;
132741,19:00,23:30,Mon;Tue;Wed;Thu;Fri;
132741,19:00,23:30,Sat;
132741,19:00,23:30,Sun;
132740,8:30,12:00,Mon;Tue;Wed;Thu;Fri;
132740,8:30,12:00,Sat;
132740,8:30,12:00,Sun;
132739,8:00,17:00,Mon;Tue;Wed;Thu;Fri;
132739,8:00,17:00,Sat;
132739,8:00,15:00,Sun;
132738,18:00,23:30,Mon;Tue;Wed;Thu;Fri;
132738,18:00,23:30,Sat;
132738,18:00,23:30,Sun;
132737,10:00,16:00,Mon;Tue;Wed;Thu;Fri;
132737,10:00,16:00,Sat;
132737,10:00,10:00,Sun;
132736,10:00,21:00,Mon;Tue;Wed;Thu;Fri;
132736,10:00,21:00,Sat;
132736,10:00,21:00,Sun;
132735,9:00,23:00,Mon;Tue;Wed;Thu;Fri;
132735,9:00,22:30,Sat;
132735,9:00,22:30,Sun;
132734,9:00,22:00,Mon;Tue;Wed;Thu;Fri;
132734,9:00,22:00,Sat;
132734,10:00,22:00,Sun;
132733,10:30,22:30,Mon;Tue;Wed;Thu;Fri;
132733,10:30,22:30,Sat;
132733,9:00,21:00,Sun;
132732,19:00,1:00,Mon;Tue;Wed;Thu;Fri;
132732,19:00,1:00,Sat;
132732,19:00,1:00,Sun;
132731,0:00,23:30,Mon;Tue;Wed;Thu;Fri;
132731,0:00,23:30,Sat;
132731,0:00,23:30,Sun;
132730,0:00,23:30,Mon;Tue;Wed;Thu;Fri;
132730,0:00,23:30,Sat;
132730,0:00,23:30,Sun;
132729,0:00,23:30,Mon;Tue;Wed;Thu;Fri;
132729,0:00,23:30,Sat;
132729,0:00,23:30,Sun;
132728,0:00,23:30,Mon;Tue;Wed;Thu;Fri;
132728,0:00,23:30,Sat;
132728,0:00,23:30,Sun;
132727,0:00,23:30,Mon;Tue;Wed;Thu;Fri;
132727,0:00,23:30,Sat;
132727,0:00,23:30,Sun;
132726,0:00,23:30,Mon;Tue;Wed;Thu;Fri;
132726,0:00,23:30,Sat;
132726,0:00,23:30,Sun;
132725,8:00,13:00,Mon;Tue;Wed;Thu;Fri;
132725,9:00,13:00,Sat;
132725,0:00,23:30,Sun;
132724,0:00,23:30,Mon;Tue;Wed;Thu;Fri;
132724,0:00,23:30,Sat;
132724,0:00,23:30,Sun;
132723,6:30,15:00,Mon;Tue;Wed;Thu;Fri;
132723,0:00,23:30,Sat;
132723,0:00,23:30,Sun;
132722,18:00,23:30,Mon;Tue;Wed;Thu;Fri;
132722,18:00,23:30,Sat;
132722,18:00,23:30,Sun;
132721,9:30,20:00,Mon;Tue;Wed;Thu;Fri;
132721,9:30,21:00,Sat;
132721,9:30,20:30,Sun;
132720,9:30,23:30,Mon;Tue;Wed;Thu;Fri;
132720,9:30,23:30,Sat;
132720,9:30,23:30,Sun;
132719,20:00,1:00,Sat;
132719,20:00,1:00,Mon;Tue;Wed;Thu;Fri;
132719,18:30,1:00,Sun;
132718,19:00,23:30,Mon;Tue;Wed;Thu;Fri;
132718,19:00,23:30,Sat;
132718,19:00,23:30,Sun;
132717,9:30,21:30,Mon;Tue;Wed;Thu;Fri;
132717,9:30,21:30,Sat;
132717,9:30,21:30,Sun;
132716,9:00,20:00,Mon;Tue;Wed;Thu;Fri;
132716,9:00,20:30,Sat;
132716,9:00,22:00,Sun;
132715,9:00,16:00,Mon;Tue;Wed;Thu;Fri;
132715,9:00,16:00,Sat;
132715,9:00,16:00,Sun;
132714,19:00,23:30,Mon;Tue;Wed;Thu;Fri;
132714,19:00,23:30,Sat;
132714,19:00,23:30,Sun;
132713,6:00,0:00,Mon;Tue;Wed;Thu;Fri;
132713,6:00,23:30,Sat;
132713,7:00,23:30,Sun;
132712,9:00,21:00,Mon;Tue;Wed;Thu;Fri;
132712,9:00,21:00,Sat;
132712,0:00,0:00,Sun;
132711,20:30,20:30,Mon;Tue;Wed;Thu;Fri;
132711,1:00,1:00,Sat;
132711,0:00,0:00,Sun;
132710,20:00,3:00,Mon;Tue;Wed;Thu;Fri;
132710,20:00,3:00,Sat;
132710,0:00,0:00,Sun;
132709,9:00,17:00,Mon;Tue;Wed;Thu;Fri;
132709,9:00,17:00,Sat;
132709,0:00,0:00,Sun;
132708,9:00,17:00,Mon;Tue;Wed;Thu;Fri;
132708,9:00,17:00,Sat;
132708,0:00,0:00,Sun;
132707,9:00,17:00,Mon;Tue;Wed;Thu;Fri;
132707,9:00,17:00,Sat;
132707,0:00,0:00,Sun;
132706,9:00,20:00,Mon;Tue;Wed;Thu;Fri;
132706,9:00,20:00,Sat;
132706,9:00,20:00,Sun;
132705,9:00,17:00,Mon;Tue;Wed;Thu;Fri;
132705,9:00,17:00,Sat;
132705,0:00,0:00,Sun;
132704,9:00,18:00,Mon;Tue;Wed;Thu;Fri;
132704,9:00,18:00,Sat;
132704,9:00,18:00,Sun;
132703,9:00,17:30,Mon;Tue;Wed;Thu;Fri;
132703,9:00,17:30,Sat;
132703,0:00,0:00,Sun;
132702,12:00,23:00,Mon;Tue;Wed;Thu;Fri;
132702,12:00,23:00,Sat;
132702,12:00,23:00,Sun;
132701,9:00,23:00,Mon;Tue;Wed;Thu;Fri;
132701,9:00,23:00,Sat;
132701,0:00,0:00,Sun;
132700,9:00,20:00,Mon;Tue;Wed;Thu;Fri;
132700,9:00,20:00,Sat;
132700,9:00,18:00,Sun;
132699,9:00,20:00,Mon;Tue;Wed;Thu;Fri;
132699,9:00,20:00,Sat;
132699,9:00,18:00,Sun;
132698,9:00,18:00,Mon;Tue;Wed;Thu;Fri;
132698,9:00,18:00,Sat;
132698,0:00,0:00,Sun;
132697,9:00,21:00,Mon;Tue;Wed;Thu;Fri;
132697,9:00,21:00,Sat;
132697,10:00,20:00,Sun;
132696,20:00,0:30,Mon;Tue;Wed;Thu;Fri;
132696,19:00,1:00,Sat;
132696,19:00,0:30,Sun;
132695,19:00,2:00,Mon;Tue;Wed;Thu;Fri;
132695,19:00,2:00,Sat;
132695,19:00,2:00,Sun;
132694,18:00,2:00,Mon;Tue;Wed;Thu;Fri;
132694,18:00,2:00,Sat;
132694,18:00,1:00,Sun;
132693,0:00,23:30,Mon;Tue;Wed;Thu;Fri;
132693,0:00,23:30,Sat;
132693,0:00,23:30,Sun;
132692,0:00,23:30,Mon;Tue;Wed;Thu;Fri;
132692,0:00,23:30,Sat;
132692,0:00,23:30,Sun;
132691,0:00,23:30,Mon;Tue;Wed;Thu;Fri;
132691,0:00,23:30,Sat;
132691,0:00,23:30,Sun;
132690,0:00,23:30,Mon;Tue;Wed;Thu;Fri;
132690,0:00,23:30,Sat;
132690,0:00,23:30,Sun;
132689,0:00,23:30,Mon;Tue;Wed;Thu;Fri;
132689,0:00,23:30,Sat;
132689,0:00,23:30,Sun;
132688,0:00,23:30,Mon;Tue;Wed;Thu;Fri;
132688,0:00,23:30,Sat;
132688,0:00,23:30,Sun;
132687,0:00,23:30,Mon;Tue;Wed;Thu;Fri;
132687,0:00,23:30,Sat;
132687,0:00,23:30,Sun;
132686,0:00,23:30,Mon;Tue;Wed;Thu;Fri;
132686,0:00,23:30,Sat;
132686,0:00,23:30,Sun;
132685,0:00,23:30,Mon;Tue;Wed;Thu;Fri;
132685,0:00,23:30,Sat;
132685,0:00,23:30,Sun;
132684,0:00,23:30,Mon;Tue;Wed;Thu;Fri;
132684,0:00,23:30,Sat;
132684,0:00,23:30,Sun;
132683,11:00,22:00,Mon;Tue;Wed;Thu;Fri;
132683,0:00,23:30,Sat;
132683,0:00,23:30,Sun;
132682,10:00,23:00,Mon;Tue;Wed;Thu;Fri;
132682,0:00,23:30,Sat;
132682,0:00,23:30,Sun;
132681,9:30,17:00,Mon;Tue;Wed;Thu;Fri;
132681,0:00,23:30,Sat;
132681,0:00,23:30,Sun;
132680,10:00,17:00,Mon;Tue;Wed;Thu;Fri;
132680,0:00,23:30,Sat;
132680,0:00,23:30,Sun;
132679,0:00,23:30,Mon;Tue;Wed;Thu;Fri;
132679,0:00,23:30,Sat;
132679,0:00,23:30,Sun;
132678,0:00,23:30,Mon;Tue;Wed;Thu;Fri;
132678,0:00,23:30,Sat;
132678,0:00,23:30,Sun;
132677,0:00,23:30,Mon;Tue;Wed;Thu;Fri;
132677,0:00,23:30,Sat;
132677,0:00,23:30,Sun;
132676,0:00,23:30,Mon;Tue;Wed;Thu;Fri;
132676,0:00,23:30,Sat;
132676,0:00,23:30,Sun;
132675,0:00,23:30,Mon;Tue;Wed;Thu;Fri;
132675,0:00,23:30,Sat;
132675,0:00,23:30,Sun;
132674,0:00,23:30,Mon;Tue;Wed;Thu;Fri;
132674,0:00,23:30,Sat;
132674,0:00,23:30,Sun;
132673,0:00,23:30,Mon;Tue;Wed;Thu;Fri;
132673,0:00,23:30,Sat;
132673,0:00,23:30,Sun;
132672,0:00,23:30,Mon;Tue;Wed;Thu;Fri;
132672,0:00,23:30,Sat;
132672,0:00,23:30,Sun;
132671,0:00,23:30,Mon;Tue;Wed;Thu;Fri;
132671,0:00,23:30,Sat;
132671,0:00,23:30,Sun;
132670,0:00,23:30,Mon;Tue;Wed;Thu;Fri;
132670,0:00,23:30,Sat;
132670,0:00,23:30,Sun;
132669,0:00,23:30,Mon;Tue;Wed;Thu;Fri;
132669,0:00,23:30,Sat;
132669,0:00,23:30,Sun;
132668,0:00,23:30,Mon;Tue;Wed;Thu;Fri;
132668,0:00,23:30,Sat;
132668,0:00,23:30,Sun;
132667,0:00,23:30,Mon;Tue;Wed;Thu;Fri;
132667,0:00,23:30,Sat;
132667,0:00,23:30,Sun;
132666,0:00,23:30,Mon;Tue;Wed;Thu;Fri;
132666,0:00,23:30,Sat;
132666,0:00,23:30,Sun;
132665,0:00,23:30,Mon;Tue;Wed;Thu;Fri;
132665,0:00,23:30,Sat;
132665,0:00,23:30,Sun;
132664,0:00,23:30,Mon;Tue;Wed;Thu;Fri;
132664,0:00,23:30,Sat;
132664,0:00,23:30,Sun;
132663,0:00,23:30,Mon;Tue;Wed;Thu;Fri;
132663,0:00,23:30,Sat;
132663,0:00,23:30,Sun;
132662,0:00,23:30,Mon;Tue;Wed;Thu;Fri;
132662,0:00,23:30,Sat;
132662,0:00,23:30,Sun;
132661,0:00,23:30,Mon;Tue;Wed;Thu;Fri;
132661,0:00,23:30,Sat;
132661,0:00,23:30,Sun;
132660,0:00,23:30,Mon;Tue;Wed;Thu;Fri;
132660,0:00,23:30,Sat;
132660,0:00,23:30,Sun;
132659,0:00,23:30,Mon;Tue;Wed;Thu;Fri;
132659,0:00,23:30,Sat;
132659,0:00,23:30,Sun;
132658,0:00,23:30,Mon;Tue;Wed;Thu;Fri;
132658,0:00,23:30,Sat;
132658,0:00,23:30,Sun;
132657,0:00,23:30,Mon;Tue;Wed;Thu;Fri;
132657,0:00,23:30,Sat;
132657,0:00,23:30,Sun;
132656,0:00,23:30,Mon;Tue;Wed;Thu;Fri;
132656,0:00,23:30,Sat;
132656,0:00,23:30,Sun;
132655,0:00,23:30,Mon;Tue;Wed;Thu;Fri;
132655,0:00,23:30,Sat;
132655,0:00,23:30,Sun;
132654,0:00,23:30,Mon;Tue;Wed;Thu;Fri;
132654,0:00,23:30,Sat;
132654,0:00,23:30,Sun;
132653,0:00,23:30,Mon;Tue;Wed;Thu;Fri;
132653,0:00,23:30,Sat;
132653,0:00,23:30,Sun;
132652,0:00,23:30,Mon;Tue;Wed;Thu;Fri;
132652,0:00,23:30,Sat;
132652,0:00,23:30,Sun;
132651,0:00,23:30,Mon;Tue;Wed;Thu;Fri;
132651,0:00,23:30,Sat;
132651,0:00,23:30,Sun;
132650,0:00,23:30,Mon;Tue;Wed;Thu;Fri;
132650,0:00,23:30,Sat;
132650,0:00,23:30,Sun;
132649,0:00,23:30,Mon;Tue;Wed;Thu;Fri;
132649,0:00,23:30,Sat;
132649,0:00,23:30,Sun;
132648,0:00,23:30,Mon;Tue;Wed;Thu;Fri;
132648,0:00,23:30,Sat;
132648,0:00,23:30,Sun;
132647,0:00,23:30,Mon;Tue;Wed;Thu;Fri;
132647,0:00,23:30,Sat;
132647,0:00,23:30,Sun;
132646,0:00,23:30,Mon;Tue;Wed;Thu;Fri;
132646,0:00,23:30,Sat;
132646,0:00,23:30,Sun;
132645,0:00,23:30,Mon;Tue;Wed;Thu;Fri;
132645,0:00,23:30,Sat;
132645,0:00,23:30,Sun;
132644,0:00,23:30,Mon;Tue;Wed;Thu;Fri;
132644,0:00,23:30,Sat;
132644,0:00,23:30,Sun;
132643,0:00,23:30,Mon;Tue;Wed;Thu;Fri;
132643,0:00,23:30,Sat;
132643,0:00,23:30,Sun;
132642,0:00,23:30,Mon;Tue;Wed;Thu;Fri;
132642,0:00,23:30,Sat;
132642,0:00,23:30,Sun;
132641,0:00,23:30,Mon;Tue;Wed;Thu;Fri;
132641,0:00,23:30,Sat;
132641,0:00,23:30,Sun;
132640,0:00,23:30,Mon;Tue;Wed;Thu;Fri;
132640,0:00,23:30,Sat;
132640,0:00,23:30,Sun;
132639,0:00,23:30,Mon;Tue;Wed;Thu;Fri;
132639,0:00,23:30,Sat;
132639,0:00,23:30,Sun;
132638,0:00,23:30,Mon;Tue;Wed;Thu;Fri;
132638,0:00,23:30,Sat;
132638,0:00,23:30,Sun;
132637,0:00,23:30,Mon;Tue;Wed;Thu;Fri;
132637,0:00,23:30,Sat;
132637,0:00,23:30,Sun;
132636,0:00,23:30,Sat;
132636,0:00,23:30,Mon;Tue;Wed;Thu;Fri;
132636,0:00,23:30,Sun;
132635,0:00,23:30,Mon;Tue;Wed;Thu;Fri;
132635,0:00,23:30,Sat;
132635,0:00,23:30,Sun;
132634,0:00,23:30,Mon;Tue;Wed;Thu;Fri;
132634,0:00,23:30,Sat;
132634,0:00,23:30,Sun;
132633,0:00,23:30,Mon;Tue;Wed;Thu;Fri;
132633,0:00,23:30,Sat;
132633,0:00,23:30,Sun;
132632,0:00,23:30,Mon;Tue;Wed;Thu;Fri;
132632,0:00,23:30,Sat;
132632,0:00,23:30,Sun;
132631,0:00,23:30,Mon;Tue;Wed;Thu;Fri;
132631,0:00,23:30,Sat;
132631,0:00,23:30,Sun;
132630,0:00,23:30,Mon;Tue;Wed;Thu;Fri;
132630,0:00,23:30,Sat;
132630,0:00,23:30,Sun;
132629,0:00,23:30,Mon;Tue;Wed;Thu;Fri;
132629,0:00,23:30,Sat;
132629,0:00,23:30,Sun;
132628,0:00,23:30,Mon;Tue;Wed;Thu;Fri;
132628,0:00,23:30,Sat;
132628,0:00,23:30,Sun;
132626,0:00,23:30,Mon;Tue;Wed;Thu;Fri;
132626,0:00,23:30,Sat;
132626,0:00,23:30,Sun;
132625,0:00,23:30,Mon;Tue;Wed;Thu;Fri;
132625,0:00,23:30,Sat;
132625,0:00,23:30,Sun;
132624,0:00,23:30,Mon;Tue;Wed;Thu;Fri;
132624,0:00,23:30,Sat;
132624,0:00,23:30,Sun;
132623,0:00,23:30,Mon;Tue;Wed;Thu;Fri;
132623,0:00,23:30,Sat;
132623,0:00,23:30,Sun;
132622,4:30,23:30,Mon;Tue;Wed;Thu;Fri;
132622,0:00,23:30,Sat;
132622,0:00,23:30,Sun;
132621,0:00,23:30,Mon;Tue;Wed;Thu;Fri;
132621,0:00,23:30,Sat;
132621,0:00,23:30,Sun;
132620,6:30,23:30,Mon;Tue;Wed;Thu;Fri;
132620,0:00,23:30,Sat;
132620,0:00,23:30,Sun;
132619,0:00,23:30,Mon;Tue;Wed;Thu;Fri;
132619,0:00,23:30,Sat;
132619,0:00,23:30,Sun;
132618,4:30,23:30,Mon;Tue;Wed;Thu;Fri;
132618,0:00,23:30,Sat;
132618,0:00,23:30,Sun;
132617,0:00,23:30,Mon;Tue;Wed;Thu;Fri;
132617,0:00,23:30,Sat;
132617,0:00,23:30,Sun;
132616,6:00,23:30,Mon;Tue;Wed;Thu;Fri;
132616,0:00,23:30,Sat;
132616,0:00,23:30,Sun;
132615,0:00,23:30,Mon;Tue;Wed;Thu;Fri;
132615,0:00,23:30,Sat;
132615,0:00,23:30,Sun;
132614,3:00,23:30,Mon;Tue;Wed;Thu;Fri;
132614,0:00,23:30,Sat;
132614,0:00,23:30,Sun;
132613,8:00,16:00,Mon;Tue;Wed;Thu;Fri;
132613,7:00,16:00,Sat;
132613,7:00,16:00,Sun;
132612,9:00,20:00,Mon;Tue;Wed;Thu;Fri;
132612,9:00,20:00,Sat;
132612,10:00,20:00,Sun;
132611,8:00,16:00,Mon;Tue;Wed;Thu;Fri;
132611,9:00,16:00,Sat;
132611,0:00,23:30,Sun;
132610,8:00,16:00,Mon;Tue;Wed;Thu;Fri;
132610,9:00,16:00,Sat;
132610,0:00,23:30,Sun;
132609,12:00,18:00,Mon;Tue;Wed;Thu;Fri;
132609,10:00,18:00,Sat;
132609,0:00,23:30,Sun;
132608,19:00,2:00,Mon;Tue;Wed;Thu;Fri;
132608,19:00,2:00,Sat;
132608,19:00,2:00,Sun;
132607,20:00,3:00,Mon;Tue;Wed;Thu;Fri;
132607,20:00,2:00,Sat;
132607,20:00,20:00,Sun;
132598,0:00,23:30,Mon;Tue;Wed;Thu;Fri;
132598,0:00,23:30,Sat;
132598,0:00,23:30,Sun;
132597,0:00,23:30,Mon;Tue;Wed;Thu;Fri;
132597,0:00,23:30,Sat;
132597,0:00,23:30,Sun;
132595,9:30,23:30,Mon;Tue;Wed;Thu;Fri;
132595,9:30,23:30,Sat;
132595,9:30,23:30,Sun;
132594,9:30,23:30,Mon;Tue;Wed;Thu;Fri;
132594,9:00,23:30,Sat;
132594,9:00,23:30,Sun;
132592,9:30,23:30,Mon;Tue;Wed;Thu;Fri;
132592,0:00,23:30,Sat;
132592,0:00,23:30,Sun;
132591,9:00,23:30,Mon;Tue;Wed;Thu;Fri;
132591,9:00,23:30,Sat;
132591,9:00,23:30,Sun;
132589,9:30,23:30,Mon;Tue;Wed;Thu;Fri;
132589,9:00,23:30,Sat;
132589,9:00,23:30,Sun;
132588,9:00,23:30,Mon;Tue;Wed;Thu;Fri;
132588,9:00,23:30,Sat;
132588,9:00,23:30,Sun;
132587,7:30,23:30,Mon;Tue;Wed;Thu;Fri;
132587,8:30,23:30,Sat;
132587,7:30,23:30,Sun;
132586,9:00,23:30,Mon;Tue;Wed;Thu;Fri;
132586,9:00,23:30,Sat;
132586,9:00,23:30,Sun;
132585,9:00,23:30,Mon;Tue;Wed;Thu;Fri;
132585,9:00,23:30,Sat;
132585,9:30,23:30,Sun;
132584,8:30,20:00,Mon;Tue;Wed;Thu;Fri;
132584,9:00,22:00,Sat;
132584,9:00,20:30,Sun;
132582,8:00,21:00,Mon;Tue;Wed;Thu;Fri;
132582,10:00,18:00,Sat;
132582,10:00,18:00,Sun;
132581,0:00,23:30,Mon;Tue;Wed;Thu;Fri;
132581,0:00,23:30,Sat;
132581,0:00,23:30,Sun;
132580,0:00,23:30,Mon;Tue;Wed;Thu;Fri;
132580,0:00,23:30,Sat;
132580,0:00,23:30,Sun;
132579,13:00,18:00,Mon;Tue;Wed;Thu;Fri;
132579,13:00,18:00,Sat;
132579,13:00,18:00,Sun;
132578,18:00,23:30,Mon;Tue;Wed;Thu;Fri;
132578,18:00,23:30,Sat;
132578,18:00,23:30,Sun;
132577,10:00,22:00,Mon;Tue;Wed;Thu;Fri;
132577,11:00,22:00,Sat;
132577,11:00,22:00,Sun;
132576,10:00,22:00,Mon;Tue;Wed;Thu;Fri;
132576,11:00,22:00,Sat;
132576,11:00,22:00,Sun;
132575,0:00,23:30,Mon;Tue;Wed;Thu;Fri;
132575,0:00,23:30,Sat;
132575,0:00,23:30,Sun;
132574,10:00,18:00,Mon;Tue;Wed;Thu;Fri;
132574,11:00,16:00,Sat;
132574,11:00,16:00,Sun;
132573,7:00,23:30,Mon;Tue;Wed;Thu;Fri;
132573,7:00,23:30,Sat;
132573,7:00,23:30,Sun;
132572,0:00,23:30,Mon;Tue;Wed;Thu;Fri;
132572,0:00,23:30,Sat;
132572,0:00,23:30,Sun;
132571,0:00,23:30,Mon;Tue;Wed;Thu;Fri;
132571,0:00,23:30,Sat;
132571,0:00,23:30,Sun;
132570,0:00,23:30,Mon;Tue;Wed;Thu;Fri;
132570,0:00,23:30,Sat;
132570,0:00,23:30,Sun;
132569,0:00,23:30,Mon;Tue;Wed;Thu;Fri;
132569,0:00,23:30,Sat;
132569,0:00,23:30,Sun;
132568,0:00,23:30,Mon;Tue;Wed;Thu;Fri;
132568,0:00,23:30,Sat;
132568,0:00,23:30,Sun;
132567,0:00,23:30,Mon;Tue;Wed;Thu;Fri;
132567,0:00,23:30,Sat;
132567,0:00,23:30,Sun;
132566,0:00,23:30,Mon;Tue;Wed;Thu;Fri;
132566,0:00,23:30,Sat;
132566,0:00,23:30,Sun;
132565,0:00,23:30,Mon;Tue;Wed;Thu;Fri;
132565,0:00,23:30,Sat;
132565,0:00,23:30,Sun;
132564,0:00,23:30,Mon;Tue;Wed;Thu;Fri;
132564,0:00,23:30,Sat;
132564,0:00,23:30,Sun;
132563,0:00,23:30,Mon;Tue;Wed;Thu;Fri;
132563,0:00,23:30,Sat;
132563,0:00,23:30,Sun;
132562,0:00,23:30,Mon;Tue;Wed;Thu;Fri;
132562,0:00,23:30,Sat;
132562,0:00,23:30,Sun;
132561,0:00,23:30,Mon;Tue;Wed;Thu;Fri;
132561,0:00,23:30,Sat;
132561,0:00,23:30,Sun;
132560,8:00,12:00,Mon;Tue;Wed;Thu;Fri;
132560,0:00,0:00,Sat;
132560,0:00,0:00,Sun;
132557,16:30,22:00,Mon;Tue;Wed;Thu;Fri;
132557,16:30,22:00,Sun;
132557,16:30,22:00,Mon;Tue;Wed;Thu;Fri;
132557,16:30,22:00,Sat;
132557,16:30,22:00,Sat;
132557,16:30,22:00,Sun;
132545,7:00,22:00,Sat;
132545,7:00,22:00,Sun;
132545,7:00,22:00,Sun;
132545,7:00,22:00,Mon;Tue;Wed;Thu;Fri;
132545,7:00,22:00,Sat;
132545,7:00,22:00,Mon;Tue;Wed;Thu;Fri;
132544,17:00,22:00,Sat;
132544,17:00,22:00,Sun;
132544,17:00,22:00,Sun;
132544,17:00,22:00,Mon;Tue;Wed;Thu;Fri;
132544,17:00,22:00,Mon;Tue;Wed;Thu;Fri;
132544,17:00,22:00,Sat;
132536,17:00,22:00,Mon;Tue;Wed;Thu;Fri;
132536,17:00,22:00,Mon;Tue;Wed;Thu;Fri;
132535,12:00,17:00,Mon;Tue;Wed;Thu;Fri;
132535,12:00,17:00,Mon;Tue;Wed;Thu;Fri;
132535,12:00,17:00,Sat;
132535,12:00,17:00,Sat;
132532,12:00,17:00,Sat;
132532,12:00,17:00,Mon;Tue;Wed;Thu;Fri;
132532,12:00,17:00,Mon;Tue;Wed;Thu;Fri;
132532,12:00,17:00,Sat;
132531,11:00,21:00,Sat;
132531,11:00,21:00,Sun;
132531,11:00,21:00,Sun;
132531,11:00,21:00,Mon;Tue;Wed;Thu;Fri;
132531,11:00,21:00,Mon;Tue;Wed;Thu;Fri;
132531,11:00,21:00,Sat;
132530,16:30,23:00,Sun;
132530,16:30,23:00,Sun;
132530,16:30,23:00,Mon;Tue;Wed;Thu;Fri;
132530,16:30,23:00,Mon;Tue;Wed;Thu;Fri;
132530,16:30,23:00,Sat;
132530,16:30,23:00,Sat;
132527,21:30,21:00,Sun;
132527,21:30,21:00,Sun;
132527,21:30,21:00,Mon;Tue;Wed;Thu;Fri;
132527,21:30,21:00,Mon;Tue;Wed;Thu;Fri;
132527,21:30,21:00,Sat;
132527,21:30,21:00,Sat;
132521,12:00,21:00,Sun;
132521,12:00,21:00,Sun;
132521,12:00,21:00,Mon;Tue;Wed;Thu;Fri;
132521,12:00,21:00,Mon;Tue;Wed;Thu;Fri;
132521,12:00,21:00,Sat;
132521,12:00,21:00,Sat;
132518,12:00,22:30,Mon;Tue;Wed;Thu;Fri;
132518,12:00,22:30,Mon;Tue;Wed;Thu;Fri;
132498,8:00,23:30,Sat;
132498,8:00,23:30,Sun;
132498,8:00,23:30,Sun;
132498,7:00,23:30,Mon;Tue;Wed;Thu;Fri;
132498,8:00,23:30,Mon;Tue;Wed;Thu;Fri;
132498,7:00,23:30,Mon;Tue;Wed;Thu;Fri;
132498,8:00,23:30,Mon;Tue;Wed;Thu;Fri;
132498,7:00,23:30,Sat;
132498,7:00,23:30,Sat;
132498,8:00,23:30,Sat;
132498,7:00,0:30,Sun;
132498,7:00,0:30,Sun;
132491,21:30,19:00,Mon;Tue;Wed;Thu;Fri;
132491,21:30,19:00,Mon;Tue;Wed;Thu;Fri;
132491,7:00,21:00,Mon;Tue;Wed;Thu;Fri;
132491,7:00,21:00,Sat;
132491,7:00,21:00,Mon;Tue;Wed;Thu;Fri;
132491,7:00,21:00,Sat;
132483,13:30,22:00,Sat;
132483,13:30,22:00,Sun;
132483,13:30,22:00,Sun;
132483,13:30,22:00,Mon;Tue;Wed;Thu;Fri;
132483,13:30,22:00,Mon;Tue;Wed;Thu;Fri;
132483,13:30,22:00,Sat;
132482,0:00,23:30,Mon;Tue;Wed;Thu;Fri;
132482,0:00,23:30,Mon;Tue;Wed;Thu;Fri;
132482,0:00,23:30,Sat;
132482,0:00,23:30,Sat;
132482,0:00,23:30,Sun;
132482,0:00,23:30,Sun;
132481,21:30,1:00,Sun;
132481,21:30,1:00,Sun;
132481,21:30,1:00,Mon;Tue;Wed;Thu;Fri;
132481,21:30,1:00,Mon;Tue;Wed;Thu;Fri;
132481,21:30,1:00,Sat;
132481,21:30,1:00,Sat;
132479,13:30,22:00,Mon;Tue;Wed;Thu;Fri;
132479,13:30,22:00,Sat;
132479,13:30,22:00,Sun;
132479,13:30,22:00,Sun;
132479,13:30,22:00,Mon;Tue;Wed;Thu;Fri;
132479,13:30,22:00,Sat;
132478,17:00,0:00,Mon;Tue;Wed;Thu;Fri;
132478,17:00,0:00,Mon;Tue;Wed;Thu;Fri;
132478,17:00,0:00,Sat;
132478,17:00,0:00,Sat;
132477,13:30,15:00,Sat;
132477,13:30,15:00,Sun;
132477,13:30,15:00,Sun;
132477,13:30,15:00,Mon;Tue;Wed;Thu;Fri;
132477,13:30,15:00,Mon;Tue;Wed;Thu;Fri;
132477,13:30,15:00,Sat;
132474,6:00,23:00,Sun;
132474,6:00,23:00,Sun;
132474,6:00,23:00,Mon;Tue;Wed;Thu;Fri;
132474,6:00,23:00,Sat;
132474,6:00,23:00,Mon;Tue;Wed;Thu;Fri;
132474,6:00,23:00,Sat;
132469,11:00,0:00,Sat;
132469,11:00,0:00,Sat;
132469,11:00,0:00,Sun;
132469,11:00,0:00,Sun;
132469,11:00,0:00,Mon;Tue;Wed;Thu;Fri;
132469,11:00,0:00,Mon;Tue;Wed;Thu;Fri;
132468,11:00,1:00,Sat;
132468,11:00,1:00,Sun;
132468,11:00,1:00,Sun;
132468,11:00,1:00,Mon;Tue;Wed;Thu;Fri;
132468,11:00,1:00,Mon;Tue;Wed;Thu;Fri;
132468,11:00,1:00,Sat;
132449,17:00,21:00,Sat;
132449,17:00,21:00,Sun;
132449,17:00,21:00,Sun;
132449,17:00,21:00,Mon;Tue;Wed;Thu;Fri;
132449,17:00,21:00,Mon;Tue;Wed;Thu;Fri;
132449,17:00,21:00,Sat;
132447,17:00,22:00,Sun;
132447,17:00,22:00,Mon;Tue;Wed;Thu;Fri;
132447,17:00,22:00,Sat;
132447,17:00,22:00,Sat;
132447,17:00,22:00,Sun;
132447,17:00,22:00,Mon;Tue;Wed;Thu;Fri;
132446,19:00,22:30,Mon;Tue;Wed;Thu;Fri;
132446,19:00,22:30,Mon;Tue;Wed;Thu;Fri;
132446,19:00,22:30,Sat;
132446,19:00,22:30,Sat;
132443,12:00,14:00,Sat;
132443,12:00,14:00,Sat;
132443,12:00,14:00,Sun;
132443,12:00,14:00,Sun;
132443,12:00,14:00,Mon;Tue;Wed;Thu;Fri;
132443,12:00,14:00,Mon;Tue;Wed;Thu;Fri;
132439,11:00,22:00,Sat;
132439,11:00,22:00,Sun;
132439,11:00,22:00,Mon;Tue;Wed;Thu;Fri;
132439,11:00,22:00,Mon;Tue;Wed;Thu;Fri;
132439,11:00,22:00,Sat;
132439,11:00,22:00,Sun;
132438,18:00,22:30,Sun;
132438,18:00,22:30,Sun;
132438,18:00,22:30,Mon;Tue;Wed;Thu;Fri;
132438,18:00,22:30,Mon;Tue;Wed;Thu;Fri;
132438,18:00,22:30,Sat;
132438,18:00,22:30,Sat;
132437,17:00,23:00,Mon;Tue;Wed;Thu;Fri;
132437,17:00,23:00,Sat;
132437,17:00,23:00,Sat;
132437,17:00,23:00,Sun;
132437,17:00,23:00,Sun;
132437,17:00,23:00,Mon;Tue;Wed;Thu;Fri;
132436,7:00,0:00,Sat;
132436,7:00,0:00,Sat;
132436,7:00,0:00,Sun;
132436,7:00,0:00,Sun;
132436,7:00,0:00,Mon;Tue;Wed;Thu;Fri;
132436,7:00,0:00,Mon;Tue;Wed;Thu;Fri;
132421,17:00,0:00,Sat;
132421,17:00,0:00,Sat;
132421,17:00,0:00,Sun;
132421,17:00,0:00,Sun;
132421,17:00,0:00,Mon;Tue;Wed;Thu;Fri;
132421,17:00,0:00,Mon;Tue;Wed;Thu;Fri;
132409,12:00,14:00,Mon;Tue;Wed;Thu;Fri;
132409,12:00,14:00,Mon;Tue;Wed;Thu;Fri;
132407,17:00,22:00,Sun;
132407,17:00,22:00,Sun;
132407,17:00,22:00,Mon;Tue;Wed;Thu;Fri;
132407,17:00,22:00,Mon;Tue;Wed;Thu;Fri;
132407,17:00,22:00,Sat;
132407,17:00,22:00,Sat;
132399,12:00,22:00,Sat;
132399,12:00,22:00,Sun;
132399,12:00,22:00,Sun;
132399,12:00,22:00,Mon;Tue;Wed;Thu;Fri;
132399,12:00,22:00,Mon;Tue;Wed;Thu;Fri;
132399,12:00,22:00,Sat;
132396,18:00,11:00,Sat;
132396,18:00,11:00,Sun;
132396,18:00,11:00,Sun;
132396,18:00,11:00,Mon;Tue;Wed;Thu;Fri;
132396,18:00,11:00,Mon;Tue;Wed;Thu;Fri;
132396,18:00,11:00,Sat;
132395,10:00,18:00,Sat;
132395,10:00,18:00,Sun;
132395,10:00,18:00,Sun;
132395,10:00,18:00,Sat;
132372,8:00,23:00,Sun;
132372,8:00,23:00,Sun;
132372,8:00,23:00,Mon;Tue;Wed;Thu;Fri;
132372,8:00,23:00,Mon;Tue;Wed;Thu;Fri;
132372,8:00,23:00,Sat;
132372,8:00,23:00,Sat;
132364,17:00,23:30,Sat;
132364,17:00,23:30,Sun;
132364,17:00,23:30,Sun;
132364,17:00,23:30,Mon;Tue;Wed;Thu;Fri;
132364,17:00,23:30,Mon;Tue;Wed;Thu;Fri;
132364,17:00,23:30,Sat;
132361,17:00,22:00,Mon;Tue;Wed;Thu;Fri;
132361,17:00,22:00,Sat;
132361,17:00,22:00,Mon;Tue;Wed;Thu;Fri;
132361,17:00,22:00,Sat;
132361,17:00,22:00,Sun;
132361,17:00,22:00,Sun;
132355,17:00,22:00,Sun;
132355,17:00,22:00,Sun;
132355,17:00,22:00,Mon;Tue;Wed;Thu;Fri;
132355,17:00,22:00,Mon;Tue;Wed;Thu;Fri;
132355,17:00,22:00,Sat;
132355,17:00,22:00,Sat;
132353,17:00,23:00,Sun;
132353,17:00,23:00,Sun;
132353,17:00,23:00,Mon;Tue;Wed;Thu;Fri;
132353,17:00,23:00,Mon;Tue;Wed;Thu;Fri;
132353,17:00,23:00,Sat;
132353,17:00,23:00,Sat;
132319,18:00,22:30,Sat;
132319,18:00,22:30,Sun;
132319,18:00,22:30,Sun;
132319,18:00,22:30,Mon;Tue;Wed;Thu;Fri;
132319,18:00,22:30,Mon;Tue;Wed;Thu;Fri;
132319,18:00,22:30,Sat;
132318,17:00,22:00,Sun;
132318,17:00,22:00,Mon;Tue;Wed;Thu;Fri;
132318,17:00,22:00,Sat;
132318,17:00,22:00,Sun;
132318,17:00,22:00,Mon;Tue;Wed;Thu;Fri;
132318,17:00,22:00,Sat;
132317,17:00,22:00,Sun;
132317,17:00,22:00,Mon;Tue;Wed;Thu;Fri;
132317,17:00,22:00,Mon;Tue;Wed;Thu;Fri;
132317,17:00,22:00,Sat;
132317,17:00,22:00,Sat;
132317,17:00,22:00,Sun;
132310,11:00,22:00,Sun;
132310,11:00,22:00,Sat;
132310,11:00,22:00,Sun;
132310,11:00,22:00,Mon;Tue;Wed;Thu;Fri;
132310,11:00,22:00,Mon;Tue;Wed;Thu;Fri;
132310,11:00,22:00,Sat;
132302,11:00,21:00,Sun;
132302,11:00,21:00,Sun;
132302,11:00,21:00,Mon;Tue;Wed;Thu;Fri;
132302,11:00,21:00,Mon;Tue;Wed;Thu;Fri;
132302,11:00,21:00,Sat;
132302,11:00,21:00,Sat;
132301,8:00,22:00,Sat;
132301,8:00,22:00,Sun;
132301,8:00,22:00,Sun;
132301,8:00,22:00,Mon;Tue;Wed;Thu;Fri;
132301,8:00,22:00,Mon;Tue;Wed;Thu;Fri;
132301,8:00,22:00,Sat;
132297,8:00,22:00,Sun;
132297,8:00,22:00,Sun;
132297,8:00,22:00,Mon;Tue;Wed;Thu;Fri;
132297,8:00,22:00,Mon;Tue;Wed;Thu;Fri;
132297,8:00,22:00,Sat;
132297,8:00,22:00,Sat;
132284,12:00,0:00,Sat;
132284,12:00,0:00,Sat;
132284,12:00,0:00,Sun;
132284,12:00,0:00,Sun;
132284,12:00,0:00,Mon;Tue;Wed;Thu;Fri;
132284,12:00,0:00,Mon;Tue;Wed;Thu;Fri;
132275,11:00,14:30,Mon;Tue;Wed;Thu;Fri;
132275,11:00,14:30,Mon;Tue;Wed;Thu;Fri;
132275,5:30,12:00,Sun;
132275,5:30,12:00,Sun;
132275,5:30,12:00,Mon;Tue;Wed;Thu;Fri;
132275,5:30,12:00,Mon;Tue;Wed;Thu;Fri;
132275,5:30,12:00,Sat;
132275,5:30,12:00,Sat;
132273,17:00,22:00,Sun;
132273,17:00,22:00,Sun;
132273,17:00,22:00,Mon;Tue;Wed;Thu;Fri;
132273,17:00,22:00,Mon;Tue;Wed;Thu;Fri;
132273,17:00,22:00,Sat;
132273,17:00,22:00,Sat;
132266,10:00,20:00,Sat;
132266,10:00,20:00,Sun;
132266,10:00,20:00,Sun;
132266,10:00,20:00,Mon;Tue;Wed;Thu;Fri;
132266,10:00,20:00,Mon;Tue;Wed;Thu;Fri;
132266,10:00,20:00,Sat;
132265,11:00,22:00,Sun;
132265,11:00,22:00,Sun;
132265,11:00,22:00,Mon;Tue;Wed;Thu;Fri;
132265,11:00,22:00,Mon;Tue;Wed;Thu;Fri;
132265,11:00,22:00,Sat;
132265,11:00,22:00,Sat;
132258,10:00,20:30,Mon;Tue;Wed;Thu;Fri;
132258,10:00,20:30,Sat;
132258,10:00,20:30,Mon;Tue;Wed;Thu;Fri;
132258,10:00,20:30,Sat;
132255,16:00,22:00,Sun;
132255,16:00,22:00,Sun;
132255,16:00,22:00,Mon;Tue;Wed;Thu;Fri;
132255,16:00,22:00,Mon;Tue;Wed;Thu;Fri;
132255,16:00,22:00,Sat;
132255,16:00,22:00,Sat;
132250,0:00,23:30,Sat;
132250,0:00,23:30,Sun;
132250,0:00,23:30,Sun;
132250,0:00,23:30,Mon;Tue;Wed;Thu;Fri;
132250,0:00,23:30,Mon;Tue;Wed;Thu;Fri;
132250,0:00,23:30,Sat;
132244,12:00,15:00,Mon;Tue;Wed;Thu;Fri;
132244,12:00,15:00,Mon;Tue;Wed;Thu;Fri;
132244,12:00,15:00,Sat;
132244,12:00,15:00,Sat;
132243,13:30,15:00,Mon;Tue;Wed;Thu;Fri;
132243,13:30,15:00,Sat;
132243,13:30,15:00,Mon;Tue;Wed;Thu;Fri;
132243,13:30,15:00,Sat;
132237,11:00,14:00,Sun;
132237,11:00,14:00,Sun;
132237,11:00,14:00,Sat;
132237,11:00,14:00,Sat;
132237,11:00,14:00,Mon;Tue;Wed;Thu;Fri;
132237,11:00,14:00,Mon;Tue;Wed;Thu;Fri;
132231,17:00,22:00,Mon;Tue;Wed;Thu;Fri;
132231,17:00,22:00,Sat;
132231,17:00,22:00,Sat;
132231,17:00,22:00,Sun;
132231,17:00,22:00,Sun;
132231,17:00,22:00,Mon;Tue;Wed;Thu;Fri;
132229,0:00,23:30,Sun;
132229,0:00,23:30,Mon;Tue;Wed;Thu;Fri;
132229,0:00,23:30,Mon;Tue;Wed;Thu;Fri;
132229,0:00,23:30,Sat;
132229,0:00,23:30,Sat;
132229,0:00,23:30,Sun;
132226,11:00,21:00,Sun;
132226,11:00,21:00,Sat;
132226,11:00,21:00,Sun;
132226,11:00,21:00,Mon;Tue;Wed;Thu;Fri;
132226,11:00,21:00,Mon;Tue;Wed;Thu;Fri;
132226,11:00,21:00,Sat;
132221,10:30,14:30,Mon;Tue;Wed;Thu;Fri;
132221,10:30,14:30,Mon;Tue;Wed;Thu;Fri;
132221,10:30,14:30,Sat;
132221,10:30,14:30,Sat;
132220,21:30,23:00,Mon;Tue;Wed;Thu;Fri;
132220,21:30,23:00,Mon;Tue;Wed;Thu;Fri;
132220,21:30,23:00,Sat;
132220,21:30,23:00,Sat;
132216,11:00,0:00,Sat;
132216,11:00,0:00,Sat;
132216,11:00,0:00,Sun;
132216,11:00,0:00,Sun;
132216,11:00,0:00,Mon;Tue;Wed;Thu;Fri;
132216,11:00,0:00,Mon;Tue;Wed;Thu;Fri;
132207,12:30,16:30,Sat;
132207,12:30,16:30,Sun;
132207,12:30,16:30,Sun;
132207,12:30,16:30,Mon;Tue;Wed;Thu;Fri;
132207,12:30,16:30,Mon;Tue;Wed;Thu;Fri;
132207,12:30,16:30,Sat;
132206,16:30,22:30,Sun;
132206,16:30,22:30,Sun;
132206,16:30,22:30,Mon;Tue;Wed;Thu;Fri;
132206,16:30,22:30,Mon;Tue;Wed;Thu;Fri;
132206,16:30,22:30,Sat;
132206,16:30,22:30,Sat;
132204,8:00,21:00,Sat;
132204,8:00,21:00,Sun;
132204,8:00,21:00,Sun;
132204,8:00,21:00,Mon;Tue;Wed;Thu;Fri;
132204,8:00,21:00,Mon;Tue;Wed;Thu;Fri;
132204,8:00,21:00,Sat;
132187,10:00,0:00,Sat;
132187,10:00,0:00,Sun;
132187,10:00,0:00,Mon;Tue;Wed;Thu;Fri;
132187,10:00,0:00,Mon;Tue;Wed;Thu;Fri;
132187,10:00,0:00,Sun;
132187,10:00,0:00,Sat;
132186,10:00,14:00,Sat;
132186,10:00,14:00,Sun;
132186,10:00,14:00,Sun;
132186,10:00,14:00,Sat;
132165,21:30,22:00,Mon;Tue;Wed;Thu;Fri;
132165,21:30,22:00,Mon;Tue;Wed;Thu;Fri;
132165,21:30,22:00,Sat;
132165,21:30,22:00,Sat;
132165,21:30,22:00,Sun;
132165,21:30,22:00,Sun;
132164,17:00,21:00,Sat;
132164,17:00,21:00,Sun;
132164,17:00,21:00,Sun;
132164,17:00,21:00,Mon;Tue;Wed;Thu;Fri;
132164,17:00,21:00,Mon;Tue;Wed;Thu;Fri;
132164,17:00,21:00,Sat;
132163,16:00,21:00,Sat;
132163,16:00,21:00,Sun;
132163,16:00,21:00,Sun;
132163,16:00,21:00,Mon;Tue;Wed;Thu;Fri;
132163,16:00,21:00,Mon;Tue;Wed;Thu;Fri;
132163,16:00,21:00,Sat;
132161,20:30,21:00,Sun;
132161,20:30,21:00,Sun;
132161,20:30,21:00,Mon;Tue;Wed;Thu;Fri;
132161,20:30,21:00,Mon;Tue;Wed;Thu;Fri;
132161,20:30,21:00,Sat;
132161,20:30,21:00,Sat;
132160,10:00,21:00,Sun;
132160,10:00,21:00,Sun;
132160,10:00,21:00,Mon;Tue;Wed;Thu;Fri;
132160,10:00,21:00,Mon;Tue;Wed;Thu;Fri;
132160,10:00,21:00,Sat;
132160,10:00,21:00,Sat;
132159,12:00,21:00,Sun;
132159,12:00,21:00,Sun;
132159,12:00,21:00,Mon;Tue;Wed;Thu;Fri;
132159,12:00,21:00,Mon;Tue;Wed;Thu;Fri;
132159,12:00,21:00,Sat;
132159,12:00,21:00,Sat;
132157,21:30,13:00,Mon;Tue;Wed;Thu;Fri;
132157,21:30,13:00,Sat;
132157,21:30,13:00,Sun;
132157,21:30,13:00,Sun;
132157,21:30,13:00,Mon;Tue;Wed;Thu;Fri;
132157,21:30,13:00,Sat;
132155,18:00,22:00,Mon;Tue;Wed;Thu;Fri;
132155,18:00,22:00,Sat;
132155,18:00,22:00,Sat;
132155,18:00,22:00,Sun;
132155,18:00,22:00,Sun;
132155,18:00,22:00,Mon;Tue;Wed;Thu;Fri;
132148,11:00,12:00,Sun;
132148,11:00,12:00,Sun;
132148,11:00,12:00,Mon;Tue;Wed;Thu;Fri;
132148,11:00,12:00,Mon;Tue;Wed;Thu;Fri;
132148,11:00,12:00,Sat;
132148,11:00,12:00,Sat;
132148,11:00,23:00,Mon;Tue;Wed;Thu;Fri;
132148,11:00,23:00,Mon;Tue;Wed;Thu;Fri;
132148,11:00,23:00,Sat;
132148,11:00,23:00,Sat;
132130,17:00,22:00,Sat;
132130,17:00,22:00,Mon;Tue;Wed;Thu;Fri;
132130,17:00,22:00,Sat;
132130,17:00,22:00,Sun;
132130,17:00,22:00,Sun;
132130,17:00,22:00,Mon;Tue;Wed;Thu;Fri;
132120,10:00,22:00,Sun;
132120,10:00,22:00,Sun;
132120,10:00,22:00,Mon;Tue;Wed;Thu;Fri;
132120,10:00,22:00,Mon;Tue;Wed;Thu;Fri;
132120,10:00,22:00,Sat;
132120,10:00,22:00,Sat;
132118,0:00,23:30,Sun;
132118,0:00,23:30,Mon;Tue;Wed;Thu;Fri;
132118,0:00,23:30,Mon;Tue;Wed;Thu;Fri;
132118,0:00,23:30,Sat;
132118,0:00,23:30,Sat;
132118,0:00,23:30,Sun;
132116,13:30,13:00,Sat;
132116,13:30,13:00,Sun;
132116,13:30,13:00,Sun;
132116,13:30,13:00,Mon;Tue;Wed;Thu;Fri;
132116,13:30,13:00,Mon;Tue;Wed;Thu;Fri;
132116,13:30,13:00,Sat;
132115,13:30,22:30,Sun;
132115,13:30,22:30,Sun;
132115,13:30,22:30,Mon;Tue;Wed;Thu;Fri;
132115,13:30,22:30,Mon;Tue;Wed;Thu;Fri;
132115,13:30,22:30,Sat;
132115,13:30,22:30,Sat;
132111,13:30,12:00,Sat;
132111,13:30,12:00,Sun;
132111,13:30,12:00,Mon;Tue;Wed;Thu;Fri;
132111,13:30,12:00,Mon;Tue;Wed;Thu;Fri;
132111,13:30,12:00,Sat;
132111,13:30,12:00,Sun;
132109,17:00,21:00,Sat;
132109,17:00,21:00,Sun;
132109,17:00,21:00,Sun;
132109,17:00,21:00,Mon;Tue;Wed;Thu;Fri;
132109,17:00,21:00,Mon;Tue;Wed;Thu;Fri;
132109,17:00,21:00,Sat;
132108,17:00,1:00,Sat;
132108,17:00,1:00,Sun;
132108,17:00,1:00,Sun;
132108,17:00,1:00,Mon;Tue;Wed;Thu;Fri;
132108,17:00,1:00,Mon;Tue;Wed;Thu;Fri;
132108,17:00,1:00,Sat;
132107,12:00,22:00,Sat;
132107,12:00,22:00,Sun;
132107,12:00,22:00,Sun;
132107,12:00,22:00,Mon;Tue;Wed;Thu;Fri;
132107,12:00,22:00,Mon;Tue;Wed;Thu;Fri;
132107,12:00,22:00,Sat;
132103,11:00,16:00,Sun;
132103,11:00,16:00,Sun;
132103,11:00,16:00,Mon;Tue;Wed;Thu;Fri;
132103,11:00,16:00,Mon;Tue;Wed;Thu;Fri;
132097,6:30,21:00,Mon;Tue;Wed;Thu;Fri;
132097,6:30,21:00,Mon;Tue;Wed;Thu;Fri;
132097,6:30,22:00,Sat;
132097,6:30,22:00,Sun;
132097,6:30,22:00,Sat;
132097,6:30,22:00,Sun;
132030,12:00,15:00,Sun;
132030,12:00,15:00,Sun;
132030,12:00,15:00,Mon;Tue;Wed;Thu;Fri;
132030,12:00,15:00,Mon;Tue;Wed;Thu;Fri;
132030,12:00,15:00,Sat;
132030,12:00,15:00,Sat;
132026,12:00,14:30,Mon;Tue;Wed;Thu;Fri;
132026,12:00,14:30,Mon;Tue;Wed;Thu;Fri;
132024,11:00,21:00,Sun;
132024,11:00,21:00,Sun;
132024,11:00,21:00,Mon;Tue;Wed;Thu;Fri;
132024,11:00,21:00,Mon;Tue;Wed;Thu;Fri;
132024,11:00,21:00,Sat;
132024,11:00,21:00,Sat;
132023,11:00,0:00,Sat;
132023,11:00,0:00,Sat;
132023,11:00,0:00,Sun;
132023,11:00,0:00,Sun;
132023,11:00,0:00,Mon;Tue;Wed;Thu;Fri;
132023,11:00,0:00,Mon;Tue;Wed;Thu;Fri;
132012,12:00,22:00,Sun;
132012,12:00,22:00,Sun;
132012,12:00,22:00,Mon;Tue;Wed;Thu;Fri;
132012,12:00,22:00,Mon;Tue;Wed;Thu;Fri;
132012,12:00,22:00,Sat;
132012,12:00,22:00,Sat;
